sale_id,branch_id,date,name,mobile_number,product_name,gross_sales,received_amount,status
1,2,2024-01-02,Customer_1,9800000001,DS,40000,0,Open
2,5,2024-01-03,Customer_2,9800000002,BA,30000,0,Open
3,4,2024-01-04,Customer_3,9800000003,DA,35000,0,Open
4,2,2024-01-05,Customer_4,9800000004,FSD,45000,0,Open
5,7,2024-01-06,Customer_5,9800000005,DS,40000,0,Open
6,1,2024-01-07,Customer_6,9800000006,FSD,45000,0,Open
7,4,2024-01-08,Customer_7,9800000007,BA,30000,0,Open
8,1,2024-01-09,Customer_8,9800000008,BA,30000,0,Open
9,7,2024-01-10,Customer_9,9800000009,BA,30000,0,Open
10,8,2024-01-11,Customer_10,9800000010,ML,42000,0,Open
11,1,2024-01-12,Customer_11,9800000011,DA,35000,0,Open
12,7,2024-01-13,Customer_12,9800000012,AI,48000,0,Open
13,5,2024-01-14,Customer_13,9800000013,DA,35000,0,Open
14,4,2024-01-15,Customer_14,9800000014,AI,48000,0,Open
15,2,2024-01-16,Customer_15,9800000015,FSD,45000,0,Open
16,7,2024-01-17,Customer_16,9800000016,FSD,45000,0,Open
17,6,2024-01-18,Customer_17,9800000017,AI,48000,0,Open
18,5,2024-01-19,Customer_18,9800000018,DS,40000,0,Open
19,8,2024-01-20,Customer_19,9800000019,FSD,45000,0,Open
20,7,2024-01-21,Customer_20,9800000020,FSD,45000,0,Open
21,5,2024-01-22,Customer_21,9800000021,AI,48000,0,Open
22,4,2024-01-23,Customer_22,9800000022,FSD,45000,0,Open
23,1,2024-01-24,Customer_23,9800000023,BA,30000,0,Open
24,5,2024-01-25,Customer_24,9800000024,FSD,45000,0,Open
25,4,2024-01-26,Customer_25,9800000025,FSD,45000,0,Open
26,7,2024-01-27,Customer_26,9800000026,ML,42000,0,Open
27,8,2024-01-28,Customer_27,9800000027,AI,48000,0,Open
28,3,2024-01-29,Customer_28,9800000028,AI,48000,0,Open
29,6,2024-01-30,Customer_29,9800000029,BA,30000,0,Open
30,5,2024-01-31,Customer_30,9800000030,FSD,45000,0,Open
31,3,2024-02-01,Customer_31,9800000031,BA,30000,0,Open
32,3,2024-02-02,Customer_32,9800000032,BI,28000,0,Open
33,7,2024-02-03,Customer_33,9800000033,ML,42000,0,Open
34,4,2024-02-04,Customer_34,9800000034,AI,48000,0,Open
35,1,2024-02-05,Customer_35,9800000035,BA,30000,0,Open
36,1,2024-02-06,Customer_36,9800000036,AI,48000,0,Open
37,7,2024-02-07,Customer_37,9800000037,ML,42000,0,Open
38,2,2024-02-08,Customer_38,9800000038,BA,30000,0,Open
39,6,2024-02-09,Customer_39,9800000039,BA,30000,0,Open
40,8,2024-02-10,Customer_40,9800000040,SQL,25000,0,Open
41,8,2024-02-11,Customer_41,9800000041,DA,35000,0,Open
42,5,2024-02-12,Customer_42,9800000042,DA,35000,0,Open
43,4,2024-02-13,Customer_43,9800000043,ML,42000,0,Open
44,7,2024-02-14,Customer_44,9800000044,SQL,25000,0,Open
45,6,2024-02-15,Customer_45,9800000045,BA,30000,0,Open
46,3,2024-02-16,Customer_46,9800000046,BI,28000,0,Open
47,2,2024-02-17,Customer_47,9800000047,DS,40000,0,Open
48,2,2024-02-18,Customer_48,9800000048,DA,35000,0,Open
49,3,2024-02-19,Customer_49,9800000049,SQL,25000,0,Open
50,2,2024-02-20,Customer_50,9800000050,SQL,25000,0,Open
51,7,2024-02-21,Customer_51,9800000051,BI,28000,0,Open
52,5,2024-02-22,Customer_52,9800000052,DS,40000,0,Open
53,2,2024-02-23,Customer_53,9800000053,ML,42000,0,Open
54,6,2024-02-24,Customer_54,9800000054,FSD,45000,0,Open
55,5,2024-02-25,Customer_55,9800000055,SQL,25000,0,Open
56,3,2024-02-26,Customer_56,9800000056,BI,28000,0,Open
57,1,2024-02-27,Customer_57,9800000057,ML,42000,0,Open
58,3,2024-02-28,Customer_58,9800000058,FSD,45000,0,Open
59,5,2024-02-29,Customer_59,9800000059,BA,30000,0,Open
60,3,2024-03-01,Customer_60,9800000060,AI,48000,0,Open
61,3,2024-03-02,Customer_61,9800000061,DS,40000,0,Open
62,6,2024-03-03,Customer_62,9800000062,BI,28000,0,Open
63,1,2024-03-04,Customer_63,9800000063,FSD,45000,0,Open
64,6,2024-03-05,Customer_64,9800000064,ML,42000,0,Open
65,4,2024-03-06,Customer_65,9800000065,DS,40000,0,Open
66,4,2024-03-07,Customer_66,9800000066,FSD,45000,0,Open
67,2,2024-03-08,Customer_67,9800000067,BI,28000,0,Open
68,2,2024-03-09,Customer_68,9800000068,DA,35000,0,Open
69,3,2024-03-10,Customer_69,9800000069,BI,28000,0,Open
70,3,2024-03-11,Customer_70,9800000070,ML,42000,0,Open
71,7,2024-03-12,Customer_71,9800000071,BA,30000,0,Open
72,4,2024-03-13,Customer_72,9800000072,ML,42000,0,Open
73,7,2024-03-14,Customer_73,9800000073,AI,48000,0,Open
74,8,2024-03-15,Customer_74,9800000074,BI,28000,0,Open
75,2,2024-03-16,Customer_75,9800000075,BA,30000,0,Open
76,4,2024-03-17,Customer_76,9800000076,FSD,45000,0,Open
77,6,2024-03-18,Customer_77,9800000077,DS,40000,0,Open
78,4,2024-03-19,Customer_78,9800000078,BA,30000,0,Open
79,1,2024-03-20,Customer_79,9800000079,FSD,45000,0,Open
80,1,2024-03-21,Customer_80,9800000080,BA,30000,0,Open
81,2,2024-03-22,Customer_81,9800000081,DS,40000,0,Open
82,6,2024-03-23,Customer_82,9800000082,FSD,45000,0,Open
83,4,2024-03-24,Customer_83,9800000083,ML,42000,0,Open
84,8,2024-03-25,Customer_84,9800000084,BA,30000,0,Open
85,3,2024-03-26,Customer_85,9800000085,BI,28000,0,Open
86,4,2024-03-27,Customer_86,9800000086,BI,28000,0,Open
87,7,2024-03-28,Customer_87,9800000087,BA,30000,0,Open
88,2,2024-03-29,Customer_88,9800000088,FSD,45000,0,Open
89,7,2024-03-30,Customer_89,9800000089,AI,48000,0,Open
90,7,2024-03-31,Customer_90,9800000090,SQL,25000,0,Open
91,8,2024-04-01,Customer_91,9800000091,DS,40000,0,Open
92,2,2024-04-02,Customer_92,9800000092,DS,40000,0,Open
93,7,2024-04-03,Customer_93,9800000093,AI,48000,0,Open
94,2,2024-04-04,Customer_94,9800000094,BA,30000,0,Open
95,4,2024-04-05,Customer_95,9800000095,BA,30000,0,Open
96,8,2024-04-06,Customer_96,9800000096,DA,35000,0,Open
97,7,2024-04-07,Customer_97,9800000097,DA,35000,0,Open
98,5,2024-04-08,Customer_98,9800000098,BI,28000,0,Open
99,4,2024-04-09,Customer_99,9800000099,FSD,45000,0,Open
100,8,2024-04-10,Customer_100,9800000100,FSD,45000,0,Open
101,1,2024-04-11,Customer_101,9800000101,DS,40000,0,Open
102,2,2024-04-12,Customer_102,9800000102,BA,30000,0,Open
103,3,2024-04-13,Customer_103,9800000103,SQL,25000,0,Open
104,8,2024-04-14,Customer_104,9800000104,BI,28000,0,Open
105,4,2024-04-15,Customer_105,9800000105,SQL,25000,0,Open
106,1,2024-04-16,Customer_106,9800000106,DA,35000,0,Open
107,7,2024-04-17,Customer_107,9800000107,DS,40000,0,Open
108,7,2024-04-18,Customer_108,9800000108,ML,42000,0,Open
109,8,2024-04-19,Customer_109,9800000109,ML,42000,0,Open
110,7,2024-04-20,Customer_110,9800000110,BI,28000,0,Open
111,3,2024-04-21,Customer_111,9800000111,BA,30000,0,Open
112,5,2024-04-22,Customer_112,9800000112,BA,30000,0,Open
113,1,2024-04-23,Customer_113,9800000113,DS,40000,0,Open
114,6,2024-04-24,Customer_114,9800000114,DS,40000,0,Open
115,1,2024-04-25,Customer_115,9800000115,BI,28000,0,Open
116,3,2024-04-26,Customer_116,9800000116,DS,40000,0,Open
117,2,2024-04-27,Customer_117,9800000117,DA,35000,0,Open
118,2,2024-04-28,Customer_118,9800000118,FSD,45000,0,Open
119,4,2024-04-29,Customer_119,9800000119,SQL,25000,0,Open
120,2,2024-04-30,Customer_120,9800000120,BA,30000,0,Open
121,1,2024-05-01,Customer_121,9800000121,FSD,45000,0,Open
122,7,2024-05-02,Customer_122,9800000122,AI,48000,0,Open
123,5,2024-05-03,Customer_123,9800000123,BA,30000,0,Open
124,6,2024-05-04,Customer_124,9800000124,BA,30000,0,Open
125,5,2024-05-05,Customer_125,9800000125,SQL,25000,0,Open
126,3,2024-05-06,Customer_126,9800000126,ML,42000,0,Open
127,8,2024-05-07,Customer_127,9800000127,AI,48000,0,Open
128,2,2024-05-08,Customer_128,9800000128,DS,40000,0,Open
129,8,2024-05-09,Customer_129,9800000129,FSD,45000,0,Open
130,2,2024-05-10,Customer_130,9800000130,BA,30000,0,Open
131,5,2024-05-11,Customer_131,9800000131,DA,35000,0,Open
132,6,2024-05-12,Customer_132,9800000132,FSD,45000,0,Open
133,4,2024-05-13,Customer_133,9800000133,AI,48000,0,Open
134,5,2024-05-14,Customer_134,9800000134,DA,35000,0,Open
135,8,2024-05-15,Customer_135,9800000135,ML,42000,0,Open
136,1,2024-05-16,Customer_136,9800000136,ML,42000,0,Open
137,2,2024-05-17,Customer_137,9800000137,DA,35000,0,Open
138,5,2024-05-18,Customer_138,9800000138,FSD,45000,0,Open
139,2,2024-05-19,Customer_139,9800000139,DA,35000,0,Open
140,5,2024-05-20,Customer_140,9800000140,ML,42000,0,Open
141,4,2024-05-21,Customer_141,9800000141,AI,48000,0,Open
142,4,2024-05-22,Customer_142,9800000142,ML,42000,0,Open
143,8,2024-05-23,Customer_143,9800000143,ML,42000,0,Open
144,1,2024-05-24,Customer_144,9800000144,FSD,45000,0,Open
145,7,2024-05-25,Customer_145,9800000145,ML,42000,0,Open
146,1,2024-05-26,Customer_146,9800000146,DS,40000,0,Open
147,6,2024-05-27,Customer_147,9800000147,DA,35000,0,Open
148,5,2024-05-28,Customer_148,9800000148,DA,35000,0,Open
149,8,2024-05-29,Customer_149,9800000149,SQL,25000,0,Open
150,1,2024-05-30,Customer_150,9800000150,FSD,45000,0,Open
151,2,2024-05-31,Customer_151,9800000151,DA,35000,0,Open
152,1,2024-06-01,Customer_152,9800000152,AI,48000,0,Open
153,3,2024-06-02,Customer_153,9800000153,SQL,25000,0,Open
154,3,2024-06-03,Customer_154,9800000154,DS,40000,0,Open
155,5,2024-06-04,Customer_155,9800000155,AI,48000,0,Open
156,1,2024-06-05,Customer_156,9800000156,AI,48000,0,Open
157,4,2024-06-06,Customer_157,9800000157,BA,30000,0,Open
158,2,2024-06-07,Customer_158,9800000158,AI,48000,0,Open
159,7,2024-06-08,Customer_159,9800000159,DA,35000,0,Open
160,4,2024-06-09,Customer_160,9800000160,DA,35000,0,Open
161,3,2024-06-10,Customer_161,9800000161,SQL,25000,0,Open
162,1,2024-06-11,Customer_162,9800000162,DA,35000,0,Open
163,6,2024-06-12,Customer_163,9800000163,SQL,25000,0,Open
164,4,2024-06-13,Customer_164,9800000164,ML,42000,0,Open
165,3,2024-06-14,Customer_165,9800000165,FSD,45000,0,Open
166,7,2024-06-15,Customer_166,9800000166,DS,40000,0,Open
167,8,2024-06-16,Customer_167,9800000167,BA,30000,0,Open
168,4,2024-06-17,Customer_168,9800000168,BI,28000,0,Open
169,6,2024-06-18,Customer_169,9800000169,ML,42000,0,Open
170,4,2024-06-19,Customer_170,9800000170,BA,30000,0,Open
171,1,2024-06-20,Customer_171,9800000171,BA,30000,0,Open
172,7,2024-06-21,Customer_172,9800000172,AI,48000,0,Open
173,5,2024-06-22,Customer_173,9800000173,FSD,45000,0,Open
174,5,2024-06-23,Customer_174,9800000174,AI,48000,0,Open
175,7,2024-06-24,Customer_175,9800000175,AI,48000,0,Open
176,1,2024-06-25,Customer_176,9800000176,FSD,45000,0,Open
177,5,2024-06-26,Customer_177,9800000177,DA,35000,0,Open
178,5,2024-06-27,Customer_178,9800000178,DS,40000,0,Open
179,2,2024-06-28,Customer_179,9800000179,SQL,25000,0,Open
180,6,2024-06-29,Customer_180,9800000180,AI,48000,0,Open
181,7,2024-06-30,Customer_181,9800000181,FSD,45000,0,Open
182,7,2024-07-01,Customer_182,9800000182,BA,30000,0,Open
183,5,2024-07-02,Customer_183,9800000183,DS,40000,0,Open
184,7,2024-07-03,Customer_184,9800000184,DS,40000,0,Open
185,4,2024-07-04,Customer_185,9800000185,AI,48000,0,Open
186,7,2024-07-05,Customer_186,9800000186,FSD,45000,0,Open
187,6,2024-07-06,Customer_187,9800000187,AI,48000,0,Open
188,2,2024-07-07,Customer_188,9800000188,ML,42000,0,Open
189,5,2024-07-08,Customer_189,9800000189,SQL,25000,0,Open
190,6,2024-07-09,Customer_190,9800000190,SQL,25000,0,Open
191,5,2024-07-10,Customer_191,9800000191,DA,35000,0,Open
192,4,2024-07-11,Customer_192,9800000192,SQL,25000,0,Open
193,7,2024-07-12,Customer_193,9800000193,DA,35000,0,Open
194,5,2024-07-13,Customer_194,9800000194,SQL,25000,0,Open
195,1,2024-07-14,Customer_195,9800000195,ML,42000,0,Open
196,5,2024-07-15,Customer_196,9800000196,BA,30000,0,Open
197,7,2024-07-16,Customer_197,9800000197,AI,48000,0,Open
198,8,2024-07-17,Customer_198,9800000198,BI,28000,0,Open
199,8,2024-07-18,Customer_199,9800000199,BA,30000,0,Open
200,8,2024-07-19,Customer_200,9800000200,DA,35000,0,Open
201,2,2024-07-20,Customer_201,9800000201,ML,42000,0,Open
202,6,2024-07-21,Customer_202,9800000202,FSD,45000,0,Open
203,4,2024-07-22,Customer_203,9800000203,ML,42000,0,Open
204,4,2024-07-23,Customer_204,9800000204,BA,30000,0,Open
205,3,2024-07-24,Customer_205,9800000205,DS,40000,0,Open
206,1,2024-07-25,Customer_206,9800000206,BA,30000,0,Open
207,8,2024-07-26,Customer_207,9800000207,FSD,45000,0,Open
208,8,2024-07-27,Customer_208,9800000208,SQL,25000,0,Open
209,4,2024-07-28,Customer_209,9800000209,SQL,25000,0,Open
210,8,2024-07-29,Customer_210,9800000210,SQL,25000,0,Open
211,4,2024-07-30,Customer_211,9800000211,DA,35000,0,Open
212,1,2024-07-31,Customer_212,9800000212,FSD,45000,0,Open
213,7,2024-08-01,Customer_213,9800000213,BA,30000,0,Open
214,3,2024-08-02,Customer_214,9800000214,BI,28000,0,Open
215,1,2024-08-03,Customer_215,9800000215,BA,30000,0,Open
216,2,2024-08-04,Customer_216,9800000216,BI,28000,0,Open
217,3,2024-08-05,Customer_217,9800000217,BI,28000,0,Open
218,6,2024-08-06,Customer_218,9800000218,BI,28000,0,Open
219,7,2024-08-07,Customer_219,9800000219,BI,28000,0,Open
220,3,2024-08-08,Customer_220,9800000220,BI,28000,0,Open
221,8,2024-08-09,Customer_221,9800000221,ML,42000,0,Open
222,4,2024-08-10,Customer_222,9800000222,ML,42000,0,Open
223,8,2024-08-11,Customer_223,9800000223,BA,30000,0,Open
224,5,2024-08-12,Customer_224,9800000224,BI,28000,0,Open
225,2,2024-08-13,Customer_225,9800000225,ML,42000,0,Open
226,4,2024-08-14,Customer_226,9800000226,ML,42000,0,Open
227,6,2024-08-15,Customer_227,9800000227,AI,48000,0,Open
228,2,2024-08-16,Customer_228,9800000228,DA,35000,0,Open
229,3,2024-08-17,Customer_229,9800000229,BA,30000,0,Open
230,7,2024-08-18,Customer_230,9800000230,DA,35000,0,Open
231,4,2024-08-19,Customer_231,9800000231,FSD,45000,0,Open
232,7,2024-08-20,Customer_232,9800000232,SQL,25000,0,Open
233,6,2024-08-21,Customer_233,9800000233,BI,28000,0,Open
234,7,2024-08-22,Customer_234,9800000234,DS,40000,0,Open
235,4,2024-08-23,Customer_235,9800000235,SQL,25000,0,Open
236,7,2024-08-24,Customer_236,9800000236,DS,40000,0,Open
237,7,2024-08-25,Customer_237,9800000237,BI,28000,0,Open
238,1,2024-08-26,Customer_238,9800000238,AI,48000,0,Open
239,5,2024-08-27,Customer_239,9800000239,SQL,25000,0,Open
240,7,2024-08-28,Customer_240,9800000240,BA,30000,0,Open
241,8,2024-08-29,Customer_241,9800000241,BA,30000,0,Open
242,5,2024-08-30,Customer_242,9800000242,SQL,25000,0,Open
243,8,2024-08-31,Customer_243,9800000243,DS,40000,0,Open
244,7,2024-09-01,Customer_244,9800000244,AI,48000,0,Open
245,7,2024-09-02,Customer_245,9800000245,DA,35000,0,Open
246,8,2024-09-03,Customer_246,9800000246,DA,35000,0,Open
247,1,2024-09-04,Customer_247,9800000247,SQL,25000,0,Open
248,1,2024-09-05,Customer_248,9800000248,FSD,45000,0,Open
249,7,2024-09-06,Customer_249,9800000249,DA,35000,0,Open
250,8,2024-09-07,Customer_250,9800000250,DA,35000,0,Open
251,1,2024-09-08,Customer_251,9800000251,ML,42000,0,Open
252,7,2024-09-09,Customer_252,9800000252,AI,48000,0,Open
253,4,2024-09-10,Customer_253,9800000253,BI,28000,0,Open
254,6,2024-09-11,Customer_254,9800000254,AI,48000,0,Open
255,7,2024-09-12,Customer_255,9800000255,ML,42000,0,Open
256,7,2024-09-13,Customer_256,9800000256,ML,42000,0,Open
257,2,2024-09-14,Customer_257,9800000257,BI,28000,0,Open
258,1,2024-09-15,Customer_258,9800000258,DS,40000,0,Open
259,6,2024-09-16,Customer_259,9800000259,BA,30000,0,Open
260,2,2024-09-17,Customer_260,9800000260,DS,40000,0,Open
261,1,2024-09-18,Customer_261,9800000261,BA,30000,0,Open
262,4,2024-09-19,Customer_262,9800000262,DS,40000,0,Open
263,3,2024-09-20,Customer_263,9800000263,BA,30000,0,Open
264,3,2024-09-21,Customer_264,9800000264,BI,28000,0,Open
265,2,2024-09-22,Customer_265,9800000265,BA,30000,0,Open
266,8,2024-09-23,Customer_266,9800000266,ML,42000,0,Open
267,6,2024-09-24,Customer_267,9800000267,DA,35000,0,Open
268,2,2024-09-25,Customer_268,9800000268,DA,35000,0,Open
269,5,2024-09-26,Customer_269,9800000269,FSD,45000,0,Open
270,1,2024-09-27,Customer_270,9800000270,ML,42000,0,Open
271,7,2024-09-28,Customer_271,9800000271,SQL,25000,0,Open
272,4,2024-09-29,Customer_272,9800000272,FSD,45000,0,Open
273,4,2024-09-30,Customer_273,9800000273,FSD,45000,0,Open
274,5,2024-10-01,Customer_274,9800000274,FSD,45000,0,Open
275,1,2024-10-02,Customer_275,9800000275,AI,48000,0,Open
276,7,2024-10-03,Customer_276,9800000276,AI,48000,0,Open
277,2,2024-10-04,Customer_277,9800000277,AI,48000,0,Open
278,1,2024-10-05,Customer_278,9800000278,SQL,25000,0,Open
279,8,2024-10-06,Customer_279,9800000279,FSD,45000,0,Open
280,7,2024-10-07,Customer_280,9800000280,AI,48000,0,Open
281,8,2024-10-08,Customer_281,9800000281,DA,35000,0,Open
282,7,2024-10-09,Customer_282,9800000282,DA,35000,0,Open
283,5,2024-10-10,Customer_283,9800000283,BI,28000,0,Open
284,8,2024-10-11,Customer_284,9800000284,SQL,25000,0,Open
285,5,2024-10-12,Customer_285,9800000285,AI,48000,0,Open
286,4,2024-10-13,Customer_286,9800000286,FSD,45000,0,Open
287,5,2024-10-14,Customer_287,9800000287,BI,28000,0,Open
288,4,2024-10-15,Customer_288,9800000288,BI,28000,0,Open
289,7,2024-10-16,Customer_289,9800000289,AI,48000,0,Open
290,1,2024-10-17,Customer_290,9800000290,BI,28000,0,Open
291,6,2024-10-18,Customer_291,9800000291,DA,35000,0,Open
292,8,2024-10-19,Customer_292,9800000292,BA,30000,0,Open
293,6,2024-10-20,Customer_293,9800000293,ML,42000,0,Open
294,6,2024-10-21,Customer_294,9800000294,ML,42000,0,Open
295,5,2024-10-22,Customer_295,9800000295,DS,40000,0,Open
296,4,2024-10-23,Customer_296,9800000296,FSD,45000,0,Open
297,4,2024-10-24,Customer_297,9800000297,SQL,25000,0,Open
298,8,2024-10-25,Customer_298,9800000298,BA,30000,0,Open
299,8,2024-10-26,Customer_299,9800000299,BI,28000,0,Open
300,8,2024-10-27,Customer_300,9800000300,DS,40000,0,Open
301,2,2024-10-28,Customer_301,9800000301,ML,42000,0,Open
302,4,2024-10-29,Customer_302,9800000302,SQL,25000,0,Open
303,4,2024-10-30,Customer_303,9800000303,ML,42000,0,Open
304,6,2024-10-31,Customer_304,9800000304,BI,28000,0,Open
305,6,2024-11-01,Customer_305,9800000305,SQL,25000,0,Open
306,6,2024-11-02,Customer_306,9800000306,AI,48000,0,Open
307,8,2024-11-03,Customer_307,9800000307,ML,42000,0,Open
308,5,2024-11-04,Customer_308,9800000308,ML,42000,0,Open
309,4,2024-11-05,Customer_309,9800000309,FSD,45000,0,Open
310,4,2024-11-06,Customer_310,9800000310,AI,48000,0,Open
311,2,2024-11-07,Customer_311,9800000311,DA,35000,0,Open
312,4,2024-11-08,Customer_312,9800000312,BA,30000,0,Open
313,8,2024-11-09,Customer_313,9800000313,ML,42000,0,Open
314,5,2024-11-10,Customer_314,9800000314,FSD,45000,0,Open
315,4,2024-11-11,Customer_315,9800000315,ML,42000,0,Open
316,4,2024-11-12,Customer_316,9800000316,AI,48000,0,Open
317,3,2024-11-13,Customer_317,9800000317,ML,42000,0,Open
318,1,2024-11-14,Customer_318,9800000318,DA,35000,0,Open
319,5,2024-11-15,Customer_319,9800000319,DS,40000,0,Open
320,1,2024-11-16,Customer_320,9800000320,ML,42000,0,Open
321,3,2024-11-17,Customer_321,9800000321,BI,28000,0,Open
322,2,2024-11-18,Customer_322,9800000322,DS,40000,0,Open
323,5,2024-11-19,Customer_323,9800000323,BI,28000,0,Open
324,8,2024-11-20,Customer_324,9800000324,BI,28000,0,Open
325,6,2024-11-21,Customer_325,9800000325,DA,35000,0,Open
326,1,2024-11-22,Customer_326,9800000326,ML,42000,0,Open
327,8,2024-11-23,Customer_327,9800000327,FSD,45000,0,Open
328,2,2024-11-24,Customer_328,9800000328,SQL,25000,0,Open
329,8,2024-11-25,Customer_329,9800000329,FSD,45000,0,Open
330,1,2024-11-26,Customer_330,9800000330,DA,35000,0,Open
331,3,2024-11-27,Customer_331,9800000331,ML,42000,0,Open
332,2,2024-11-28,Customer_332,9800000332,BA,30000,0,Open
333,2,2024-11-29,Customer_333,9800000333,SQL,25000,0,Open
334,4,2024-11-30,Customer_334,9800000334,SQL,25000,0,Open
335,8,2024-12-01,Customer_335,9800000335,BI,28000,0,Open
336,5,2024-12-02,Customer_336,9800000336,SQL,25000,0,Open
337,5,2024-12-03,Customer_337,9800000337,DS,40000,0,Open
338,2,2024-12-04,Customer_338,9800000338,BA,30000,0,Open
339,4,2024-12-05,Customer_339,9800000339,ML,42000,0,Open
340,2,2024-12-06,Customer_340,9800000340,DA,35000,0,Open
341,4,2024-12-07,Customer_341,9800000341,DA,35000,0,Open
342,2,2024-12-08,Customer_342,9800000342,DA,35000,0,Open
343,1,2024-12-09,Customer_343,9800000343,SQL,25000,0,Open
344,8,2024-12-10,Customer_344,9800000344,BI,28000,0,Open
345,5,2024-12-11,Customer_345,9800000345,DS,40000,0,Open
346,4,2024-12-12,Customer_346,9800000346,ML,42000,0,Open
347,5,2024-12-13,Customer_347,9800000347,BI,28000,0,Open
348,2,2024-12-14,Customer_348,9800000348,BA,30000,0,Open
349,5,2024-12-15,Customer_349,9800000349,BA,30000,0,Open
350,7,2024-12-16,Customer_350,9800000350,FSD,45000,0,Open
351,4,2024-12-17,Customer_351,9800000351,DA,35000,0,Open
352,5,2024-12-18,Customer_352,9800000352,DA,35000,0,Open
353,2,2024-12-19,Customer_353,9800000353,DS,40000,0,Open
354,3,2024-12-20,Customer_354,9800000354,ML,42000,0,Open
355,5,2024-12-21,Customer_355,9800000355,BI,28000,0,Open
356,2,2024-12-22,Customer_356,9800000356,BI,28000,0,Open
357,5,2024-12-23,Customer_357,9800000357,SQL,25000,0,Open
358,5,2024-12-24,Customer_358,9800000358,BI,28000,0,Open
359,8,2024-12-25,Customer_359,9800000359,FSD,45000,0,Open
360,1,2024-12-26,Customer_360,9800000360,SQL,25000,0,Open
361,6,2024-12-27,Customer_361,9800000361,ML,42000,0,Open
362,1,2024-12-28,Customer_362,9800000362,FSD,45000,0,Open
363,4,2024-12-29,Customer_363,9800000363,DS,40000,0,Open
364,5,2024-12-30,Customer_364,9800000364,DS,40000,0,Open
365,3,2024-01-01,Customer_365,9800000365,BI,28000,0,Open
366,8,2024-01-02,Customer_366,9800000366,ML,42000,0,Open
367,3,2024-01-03,Customer_367,9800000367,SQL,25000,0,Open
368,8,2024-01-04,Customer_368,9800000368,FSD,45000,0,Open
369,8,2024-01-05,Customer_369,9800000369,AI,48000,0,Open
370,7,2024-01-06,Customer_370,9800000370,AI,48000,0,Open
371,6,2024-01-07,Customer_371,9800000371,FSD,45000,0,Open
372,3,2024-01-08,Customer_372,9800000372,AI,48000,0,Open
373,7,2024-01-09,Customer_373,9800000373,BI,28000,0,Open
374,5,2024-01-10,Customer_374,9800000374,SQL,25000,0,Open
375,1,2024-01-11,Customer_375,9800000375,BI,28000,0,Open
376,2,2024-01-12,Customer_376,9800000376,AI,48000,0,Open
377,5,2024-01-13,Customer_377,9800000377,AI,48000,0,Open
378,2,2024-01-14,Customer_378,9800000378,SQL,25000,0,Open
379,1,2024-01-15,Customer_379,9800000379,BI,28000,0,Open
380,7,2024-01-16,Customer_380,9800000380,DS,40000,0,Open
381,4,2024-01-17,Customer_381,9800000381,AI,48000,0,Open
382,8,2024-01-18,Customer_382,9800000382,BI,28000,0,Open
383,1,2024-01-19,Customer_383,9800000383,BA,30000,0,Open
384,5,2024-01-20,Customer_384,9800000384,DA,35000,0,Open
385,5,2024-01-21,Customer_385,9800000385,BI,28000,0,Open
386,8,2024-01-22,Customer_386,9800000386,FSD,45000,0,Open
387,1,2024-01-23,Customer_387,9800000387,BA,30000,0,Open
388,3,2024-01-24,Customer_388,9800000388,ML,42000,0,Open
389,1,2024-01-25,Customer_389,9800000389,SQL,25000,0,Open
390,2,2024-01-26,Customer_390,9800000390,BA,30000,0,Open
391,2,2024-01-27,Customer_391,9800000391,BI,28000,0,Open
392,2,2024-01-28,Customer_392,9800000392,DA,35000,0,Open
393,8,2024-01-29,Customer_393,9800000393,ML,42000,0,Open
394,5,2024-01-30,Customer_394,9800000394,SQL,25000,0,Open
395,8,2024-01-31,Customer_395,9800000395,BI,28000,0,Open
396,4,2024-02-01,Customer_396,9800000396,BI,28000,0,Open
397,3,2024-02-02,Customer_397,9800000397,SQL,25000,0,Open
398,4,2024-02-03,Customer_398,9800000398,DA,35000,0,Open
399,2,2024-02-04,Customer_399,9800000399,ML,42000,0,Open
400,7,2024-02-05,Customer_400,9800000400,AI,48000,0,Open
401,5,2024-02-06,Customer_401,9800000401,DS,40000,0,Open
402,5,2024-02-07,Customer_402,9800000402,ML,42000,0,Open
403,8,2024-02-08,Customer_403,9800000403,DA,35000,0,Open
404,8,2024-02-09,Customer_404,9800000404,BI,28000,0,Open
405,6,2024-02-10,Customer_405,9800000405,AI,48000,0,Open
406,7,2024-02-11,Customer_406,9800000406,BI,28000,0,Open
407,6,2024-02-12,Customer_407,9800000407,BA,30000,0,Open
408,4,2024-02-13,Customer_408,9800000408,SQL,25000,0,Open
409,4,2024-02-14,Customer_409,9800000409,SQL,25000,0,Open
410,1,2024-02-15,Customer_410,9800000410,AI,48000,0,Open
411,8,2024-02-16,Customer_411,9800000411,SQL,25000,0,Open
412,7,2024-02-17,Customer_412,9800000412,DA,35000,0,Open
413,8,2024-02-18,Customer_413,9800000413,DS,40000,0,Open
414,3,2024-02-19,Customer_414,9800000414,AI,48000,0,Open
415,2,2024-02-20,Customer_415,9800000415,BI,28000,0,Open
416,2,2024-02-21,Customer_416,9800000416,BI,28000,0,Open
417,1,2024-02-22,Customer_417,9800000417,DA,35000,0,Open
418,7,2024-02-23,Customer_418,9800000418,DA,35000,0,Open
419,2,2024-02-24,Customer_419,9800000419,BI,28000,0,Open
420,5,2024-02-25,Customer_420,9800000420,AI,48000,0,Open
421,7,2024-02-26,Customer_421,9800000421,FSD,45000,0,Open
422,6,2024-02-27,Customer_422,9800000422,SQL,25000,0,Open
423,6,2024-02-28,Customer_423,9800000423,BI,28000,0,Open
424,1,2024-02-29,Customer_424,9800000424,FSD,45000,0,Open
425,4,2024-03-01,Customer_425,9800000425,ML,42000,0,Open
426,4,2024-03-02,Customer_426,9800000426,FSD,45000,0,Open
427,7,2024-03-03,Customer_427,9800000427,FSD,45000,0,Open
428,2,2024-03-04,Customer_428,9800000428,BI,28000,0,Open
429,3,2024-03-05,Customer_429,9800000429,ML,42000,0,Open
430,1,2024-03-06,Customer_430,9800000430,DS,40000,0,Open
431,6,2024-03-07,Customer_431,9800000431,DS,40000,0,Open
432,5,2024-03-08,Customer_432,9800000432,AI,48000,0,Open
433,6,2024-03-09,Customer_433,9800000433,SQL,25000,0,Open
434,3,2024-03-10,Customer_434,9800000434,BA,30000,0,Open
435,7,2024-03-11,Customer_435,9800000435,DA,35000,0,Open
436,3,2024-03-12,Customer_436,9800000436,DA,35000,0,Open
437,2,2024-03-13,Customer_437,9800000437,SQL,25000,0,Open
438,4,2024-03-14,Customer_438,9800000438,BI,28000,0,Open
439,3,2024-03-15,Customer_439,9800000439,BA,30000,0,Open
440,8,2024-03-16,Customer_440,9800000440,ML,42000,0,Open
441,8,2024-03-17,Customer_441,9800000441,ML,42000,0,Open
442,1,2024-03-18,Customer_442,9800000442,BI,28000,0,Open
443,5,2024-03-19,Customer_443,9800000443,DA,35000,0,Open
444,2,2024-03-20,Customer_444,9800000444,BI,28000,0,Open
445,6,2024-03-21,Customer_445,9800000445,ML,42000,0,Open
446,7,2024-03-22,Customer_446,9800000446,ML,42000,0,Open
447,8,2024-03-23,Customer_447,9800000447,ML,42000,0,Open
448,4,2024-03-24,Customer_448,9800000448,SQL,25000,0,Open
449,8,2024-03-25,Customer_449,9800000449,FSD,45000,0,Open
450,4,2024-03-26,Customer_450,9800000450,SQL,25000,0,Open
451,6,2024-03-27,Customer_451,9800000451,ML,42000,0,Open
452,5,2024-03-28,Customer_452,9800000452,DS,40000,0,Open
453,7,2024-03-29,Customer_453,9800000453,ML,42000,0,Open
454,1,2024-03-30,Customer_454,9800000454,DS,40000,0,Open
455,8,2024-03-31,Customer_455,9800000455,ML,42000,0,Open
456,4,2024-04-01,Customer_456,9800000456,AI,48000,0,Open
457,4,2024-04-02,Customer_457,9800000457,BA,30000,0,Open
458,5,2024-04-03,Customer_458,9800000458,DA,35000,0,Open
459,2,2024-04-04,Customer_459,9800000459,DS,40000,0,Open
460,5,2024-04-05,Customer_460,9800000460,BI,28000,0,Open
461,1,2024-04-06,Customer_461,9800000461,AI,48000,0,Open
462,3,2024-04-07,Customer_462,9800000462,FSD,45000,0,Open
463,5,2024-04-08,Customer_463,9800000463,AI,48000,0,Open
464,7,2024-04-09,Customer_464,9800000464,DA,35000,0,Open
465,4,2024-04-10,Customer_465,9800000465,DA,35000,0,Open
466,6,2024-04-11,Customer_466,9800000466,ML,42000,0,Open
467,3,2024-04-12,Customer_467,9800000467,ML,42000,0,Open
468,8,2024-04-13,Customer_468,9800000468,ML,42000,0,Open
469,6,2024-04-14,Customer_469,9800000469,FSD,45000,0,Open
470,8,2024-04-15,Customer_470,9800000470,FSD,45000,0,Open
471,3,2024-04-16,Customer_471,9800000471,BA,30000,0,Open
472,7,2024-04-17,Customer_472,9800000472,AI,48000,0,Open
473,2,2024-04-18,Customer_473,9800000473,SQL,25000,0,Open
474,1,2024-04-19,Customer_474,9800000474,ML,42000,0,Open
475,2,2024-04-20,Customer_475,9800000475,BI,28000,0,Open
476,6,2024-04-21,Customer_476,9800000476,ML,42000,0,Open
477,7,2024-04-22,Customer_477,9800000477,AI,48000,0,Open
478,2,2024-04-23,Customer_478,9800000478,BA,30000,0,Open
479,8,2024-04-24,Customer_479,9800000479,DS,40000,0,Open
480,6,2024-04-25,Customer_480,9800000480,BA,30000,0,Open
481,2,2024-04-26,Customer_481,9800000481,BI,28000,0,Open
482,5,2024-04-27,Customer_482,9800000482,SQL,25000,0,Open
483,2,2024-04-28,Customer_483,9800000483,DA,35000,0,Open
484,1,2024-04-29,Customer_484,9800000484,DS,40000,0,Open
485,5,2024-04-30,Customer_485,9800000485,BI,28000,0,Open
486,2,2024-05-01,Customer_486,9800000486,FSD,45000,0,Open
487,4,2024-05-02,Customer_487,9800000487,DA,35000,0,Open
488,7,2024-05-03,Customer_488,9800000488,BI,28000,0,Open
489,6,2024-05-04,Customer_489,9800000489,SQL,25000,0,Open
490,3,2024-05-05,Customer_490,9800000490,SQL,25000,0,Open
491,2,2024-05-06,Customer_491,9800000491,BI,28000,0,Open
492,7,2024-05-07,Customer_492,9800000492,ML,42000,0,Open
493,1,2024-05-08,Customer_493,9800000493,AI,48000,0,Open
494,4,2024-05-09,Customer_494,9800000494,BI,28000,0,Open
495,8,2024-05-10,Customer_495,9800000495,BA,30000,0,Open
496,6,2024-05-11,Customer_496,9800000496,FSD,45000,0,Open
497,6,2024-05-12,Customer_497,9800000497,AI,48000,0,Open
498,1,2024-05-13,Customer_498,9800000498,SQL,25000,0,Open
499,5,2024-05-14,Customer_499,9800000499,BA,30000,0,Open
500,2,2024-05-15,Customer_500,9800000500,BI,28000,0,Open
501,2,2024-05-16,Customer_501,9800000501,BA,30000,0,Open
502,1,2024-05-17,Customer_502,9800000502,DS,40000,0,Open
503,6,2024-05-18,Customer_503,9800000503,BA,30000,0,Open
504,3,2024-05-19,Customer_504,9800000504,BA,30000,0,Open
505,2,2024-05-20,Customer_505,9800000505,BA,30000,0,Open
506,4,2024-05-21,Customer_506,9800000506,BA,30000,0,Open
507,6,2024-05-22,Customer_507,9800000507,DA,35000,0,Open
508,1,2024-05-23,Customer_508,9800000508,ML,42000,0,Open
509,3,2024-05-24,Customer_509,9800000509,DA,35000,0,Open
510,5,2024-05-25,Customer_510,9800000510,DA,35000,0,Open
511,2,2024-05-26,Customer_511,9800000511,DS,40000,0,Open
512,3,2024-05-27,Customer_512,9800000512,DS,40000,0,Open
513,6,2024-05-28,Customer_513,9800000513,BA,30000,0,Open
514,6,2024-05-29,Customer_514,9800000514,DS,40000,0,Open
515,3,2024-05-30,Customer_515,9800000515,ML,42000,0,Open
516,1,2024-05-31,Customer_516,9800000516,DA,35000,0,Open
517,7,2024-06-01,Customer_517,9800000517,FSD,45000,0,Open
518,2,2024-06-02,Customer_518,9800000518,BI,28000,0,Open
519,8,2024-06-03,Customer_519,9800000519,AI,48000,0,Open
520,2,2024-06-04,Customer_520,9800000520,BI,28000,0,Open
521,4,2024-06-05,Customer_521,9800000521,DS,40000,0,Open
522,5,2024-06-06,Customer_522,9800000522,BI,28000,0,Open
523,1,2024-06-07,Customer_523,9800000523,DS,40000,0,Open
524,8,2024-06-08,Customer_524,9800000524,SQL,25000,0,Open
525,7,2024-06-09,Customer_525,9800000525,FSD,45000,0,Open
526,8,2024-06-10,Customer_526,9800000526,BI,28000,0,Open
527,2,2024-06-11,Customer_527,9800000527,FSD,45000,0,Open
528,6,2024-06-12,Customer_528,9800000528,DA,35000,0,Open
529,2,2024-06-13,Customer_529,9800000529,DA,35000,0,Open
530,5,2024-06-14,Customer_530,9800000530,AI,48000,0,Open
531,7,2024-06-15,Customer_531,9800000531,ML,42000,0,Open
532,8,2024-06-16,Customer_532,9800000532,SQL,25000,0,Open
533,2,2024-06-17,Customer_533,9800000533,FSD,45000,0,Open
534,4,2024-06-18,Customer_534,9800000534,SQL,25000,0,Open
535,8,2024-06-19,Customer_535,9800000535,BA,30000,0,Open
536,7,2024-06-20,Customer_536,9800000536,AI,48000,0,Open
537,8,2024-06-21,Customer_537,9800000537,SQL,25000,0,Open
538,7,2024-06-22,Customer_538,9800000538,FSD,45000,0,Open
539,6,2024-06-23,Customer_539,9800000539,SQL,25000,0,Open
540,6,2024-06-24,Customer_540,9800000540,ML,42000,0,Open
541,6,2024-06-25,Customer_541,9800000541,DA,35000,0,Open
542,8,2024-06-26,Customer_542,9800000542,FSD,45000,0,Open
543,2,2024-06-27,Customer_543,9800000543,FSD,45000,0,Open
544,2,2024-06-28,Customer_544,9800000544,SQL,25000,0,Open
545,2,2024-06-29,Customer_545,9800000545,AI,48000,0,Open
546,3,2024-06-30,Customer_546,9800000546,DS,40000,0,Open
547,6,2024-07-01,Customer_547,9800000547,FSD,45000,0,Open
548,7,2024-07-02,Customer_548,9800000548,AI,48000,0,Open
549,7,2024-07-03,Customer_549,9800000549,DS,40000,0,Open
550,5,2024-07-04,Customer_550,9800000550,ML,42000,0,Open
551,6,2024-07-05,Customer_551,9800000551,FSD,45000,0,Open
552,4,2024-07-06,Customer_552,9800000552,DA,35000,0,Open
553,8,2024-07-07,Customer_553,9800000553,BA,30000,0,Open
554,2,2024-07-08,Customer_554,9800000554,AI,48000,0,Open
555,6,2024-07-09,Customer_555,9800000555,FSD,45000,0,Open
556,5,2024-07-10,Customer_556,9800000556,BA,30000,0,Open
557,7,2024-07-11,Customer_557,9800000557,DS,40000,0,Open
558,5,2024-07-12,Customer_558,9800000558,DS,40000,0,Open
559,3,2024-07-13,Customer_559,9800000559,ML,42000,0,Open
560,5,2024-07-14,Customer_560,9800000560,AI,48000,0,Open
561,6,2024-07-15,Customer_561,9800000561,DS,40000,0,Open
562,3,2024-07-16,Customer_562,9800000562,DA,35000,0,Open
563,7,2024-07-17,Customer_563,9800000563,FSD,45000,0,Open
564,3,2024-07-18,Customer_564,9800000564,DS,40000,0,Open
565,2,2024-07-19,Customer_565,9800000565,BA,30000,0,Open
566,7,2024-07-20,Customer_566,9800000566,SQL,25000,0,Open
567,8,2024-07-21,Customer_567,9800000567,AI,48000,0,Open
568,3,2024-07-22,Customer_568,9800000568,AI,48000,0,Open
569,5,2024-07-23,Customer_569,9800000569,AI,48000,0,Open
570,2,2024-07-24,Customer_570,9800000570,DS,40000,0,Open
571,3,2024-07-25,Customer_571,9800000571,DA,35000,0,Open
572,1,2024-07-26,Customer_572,9800000572,FSD,45000,0,Open
573,5,2024-07-27,Customer_573,9800000573,BI,28000,0,Open
574,7,2024-07-28,Customer_574,9800000574,BI,28000,0,Open
575,8,2024-07-29,Customer_575,9800000575,SQL,25000,0,Open
576,5,2024-07-30,Customer_576,9800000576,BA,30000,0,Open
577,2,2024-07-31,Customer_577,9800000577,AI,48000,0,Open
578,7,2024-08-01,Customer_578,9800000578,FSD,45000,0,Open
579,5,2024-08-02,Customer_579,9800000579,BI,28000,0,Open
580,5,2024-08-03,Customer_580,9800000580,DS,40000,0,Open
581,4,2024-08-04,Customer_581,9800000581,SQL,25000,0,Open
582,1,2024-08-05,Customer_582,9800000582,DS,40000,0,Open
583,4,2024-08-06,Customer_583,9800000583,ML,42000,0,Open
584,4,2024-08-07,Customer_584,9800000584,DA,35000,0,Open
585,5,2024-08-08,Customer_585,9800000585,ML,42000,0,Open
586,6,2024-08-09,Customer_586,9800000586,FSD,45000,0,Open
587,1,2024-08-10,Customer_587,9800000587,BI,28000,0,Open
588,7,2024-08-11,Customer_588,9800000588,DA,35000,0,Open
589,3,2024-08-12,Customer_589,9800000589,SQL,25000,0,Open
590,4,2024-08-13,Customer_590,9800000590,AI,48000,0,Open
591,2,2024-08-14,Customer_591,9800000591,SQL,25000,0,Open
592,1,2024-08-15,Customer_592,9800000592,SQL,25000,0,Open
593,1,2024-08-16,Customer_593,9800000593,BI,28000,0,Open
594,2,2024-08-17,Customer_594,9800000594,AI,48000,0,Open
595,7,2024-08-18,Customer_595,9800000595,SQL,25000,0,Open
596,7,2024-08-19,Customer_596,9800000596,ML,42000,0,Open
597,2,2024-08-20,Customer_597,9800000597,SQL,25000,0,Open
598,1,2024-08-21,Customer_598,9800000598,AI,48000,0,Open
599,3,2024-08-22,Customer_599,9800000599,BI,28000,0,Open
600,6,2024-08-23,Customer_600,9800000600,FSD,45000,0,Open
601,7,2024-08-24,Customer_601,9800000601,FSD,45000,0,Open
602,4,2024-08-25,Customer_602,9800000602,SQL,25000,0,Open
603,7,2024-08-26,Customer_603,9800000603,FSD,45000,0,Open
604,7,2024-08-27,Customer_604,9800000604,ML,42000,0,Open
605,6,2024-08-28,Customer_605,9800000605,BA,30000,0,Open
606,6,2024-08-29,Customer_606,9800000606,DA,35000,0,Open
607,2,2024-08-30,Customer_607,9800000607,FSD,45000,0,Open
608,4,2024-08-31,Customer_608,9800000608,AI,48000,0,Open
609,6,2024-09-01,Customer_609,9800000609,DA,35000,0,Open
610,4,2024-09-02,Customer_610,9800000610,FSD,45000,0,Open
611,3,2024-09-03,Customer_611,9800000611,ML,42000,0,Open
612,4,2024-09-04,Customer_612,9800000612,DA,35000,0,Open
613,3,2024-09-05,Customer_613,9800000613,FSD,45000,0,Open
614,3,2024-09-06,Customer_614,9800000614,BI,28000,0,Open
615,8,2024-09-07,Customer_615,9800000615,BI,28000,0,Open
616,6,2024-09-08,Customer_616,9800000616,AI,48000,0,Open
617,3,2024-09-09,Customer_617,9800000617,BI,28000,0,Open
618,2,2024-09-10,Customer_618,9800000618,BI,28000,0,Open
619,8,2024-09-11,Customer_619,9800000619,ML,42000,0,Open
620,5,2024-09-12,Customer_620,9800000620,DS,40000,0,Open
621,6,2024-09-13,Customer_621,9800000621,FSD,45000,0,Open
622,5,2024-09-14,Customer_622,9800000622,BI,28000,0,Open
623,8,2024-09-15,Customer_623,9800000623,DS,40000,0,Open
624,1,2024-09-16,Customer_624,9800000624,AI,48000,0,Open
625,5,2024-09-17,Customer_625,9800000625,FSD,45000,0,Open
626,2,2024-09-18,Customer_626,9800000626,SQL,25000,0,Open
627,8,2024-09-19,Customer_627,9800000627,DS,40000,0,Open
628,8,2024-09-20,Customer_628,9800000628,BA,30000,0,Open
629,6,2024-09-21,Customer_629,9800000629,BI,28000,0,Open
630,3,2024-09-22,Customer_630,9800000630,DS,40000,0,Open
631,8,2024-09-23,Customer_631,9800000631,FSD,45000,0,Open
632,6,2024-09-24,Customer_632,9800000632,FSD,45000,0,Open
633,3,2024-09-25,Customer_633,9800000633,DS,40000,0,Open
634,4,2024-09-26,Customer_634,9800000634,BI,28000,0,Open
635,8,2024-09-27,Customer_635,9800000635,DA,35000,0,Open
636,6,2024-09-28,Customer_636,9800000636,AI,48000,0,Open
637,5,2024-09-29,Customer_637,9800000637,SQL,25000,0,Open
638,7,2024-09-30,Customer_638,9800000638,AI,48000,0,Open
639,1,2024-10-01,Customer_639,9800000639,AI,48000,0,Open
640,2,2024-10-02,Customer_640,9800000640,AI,48000,0,Open
641,2,2024-10-03,Customer_641,9800000641,SQL,25000,0,Open
642,5,2024-10-04,Customer_642,9800000642,ML,42000,0,Open
643,3,2024-10-05,Customer_643,9800000643,AI,48000,0,Open
644,2,2024-10-06,Customer_644,9800000644,DA,35000,0,Open
645,6,2024-10-07,Customer_645,9800000645,ML,42000,0,Open
646,7,2024-10-08,Customer_646,9800000646,DA,35000,0,Open
647,2,2024-10-09,Customer_647,9800000647,ML,42000,0,Open
648,7,2024-10-10,Customer_648,9800000648,AI,48000,0,Open
649,3,2024-10-11,Customer_649,9800000649,FSD,45000,0,Open
650,7,2024-10-12,Customer_650,9800000650,AI,48000,0,Open
651,1,2024-10-13,Customer_651,9800000651,AI,48000,0,Open
652,5,2024-10-14,Customer_652,9800000652,DA,35000,0,Open
653,4,2024-10-15,Customer_653,9800000653,AI,48000,0,Open
654,8,2024-10-16,Customer_654,9800000654,BA,30000,0,Open
655,4,2024-10-17,Customer_655,9800000655,DA,35000,0,Open
656,3,2024-10-18,Customer_656,9800000656,FSD,45000,0,Open
657,5,2024-10-19,Customer_657,9800000657,FSD,45000,0,Open
658,1,2024-10-20,Customer_658,9800000658,AI,48000,0,Open
659,3,2024-10-21,Customer_659,9800000659,SQL,25000,0,Open
660,3,2024-10-22,Customer_660,9800000660,DA,35000,0,Open
661,3,2024-10-23,Customer_661,9800000661,DA,35000,0,Open
662,8,2024-10-24,Customer_662,9800000662,DS,40000,0,Open
663,7,2024-10-25,Customer_663,9800000663,AI,48000,0,Open
664,4,2024-10-26,Customer_664,9800000664,BI,28000,0,Open
665,5,2024-10-27,Customer_665,9800000665,BI,28000,0,Open
666,4,2024-10-28,Customer_666,9800000666,BA,30000,0,Open
667,5,2024-10-29,Customer_667,9800000667,BI,28000,0,Open
668,4,2024-10-30,Customer_668,9800000668,AI,48000,0,Open
669,8,2024-10-31,Customer_669,9800000669,BI,28000,0,Open
670,5,2024-11-01,Customer_670,9800000670,SQL,25000,0,Open
671,7,2024-11-02,Customer_671,9800000671,DA,35000,0,Open
672,4,2024-11-03,Customer_672,9800000672,DA,35000,0,Open
673,5,2024-11-04,Customer_673,9800000673,DS,40000,0,Open
674,8,2024-11-05,Customer_674,9800000674,AI,48000,0,Open
675,2,2024-11-06,Customer_675,9800000675,FSD,45000,0,Open
676,5,2024-11-07,Customer_676,9800000676,FSD,45000,0,Open
677,3,2024-11-08,Customer_677,9800000677,ML,42000,0,Open
678,8,2024-11-09,Customer_678,9800000678,DA,35000,0,Open
679,7,2024-11-10,Customer_679,9800000679,FSD,45000,0,Open
680,4,2024-11-11,Customer_680,9800000680,BI,28000,0,Open
681,6,2024-11-12,Customer_681,9800000681,DS,40000,0,Open
682,7,2024-11-13,Customer_682,9800000682,DS,40000,0,Open
683,7,2024-11-14,Customer_683,9800000683,AI,48000,0,Open
684,4,2024-11-15,Customer_684,9800000684,SQL,25000,0,Open
685,2,2024-11-16,Customer_685,9800000685,AI,48000,0,Open
686,4,2024-11-17,Customer_686,9800000686,DS,40000,0,Open
687,6,2024-11-18,Customer_687,9800000687,FSD,45000,0,Open
688,6,2024-11-19,Customer_688,9800000688,DA,35000,0,Open
689,3,2024-11-20,Customer_689,9800000689,DS,40000,0,Open
690,5,2024-11-21,Customer_690,9800000690,BI,28000,0,Open
691,3,2024-11-22,Customer_691,9800000691,BI,28000,0,Open
692,8,2024-11-23,Customer_692,9800000692,DS,40000,0,Open
693,2,2024-11-24,Customer_693,9800000693,DS,40000,0,Open
694,5,2024-11-25,Customer_694,9800000694,BA,30000,0,Open
695,3,2024-11-26,Customer_695,9800000695,SQL,25000,0,Open
696,2,2024-11-27,Customer_696,9800000696,ML,42000,0,Open
697,4,2024-11-28,Customer_697,9800000697,ML,42000,0,Open
698,2,2024-11-29,Customer_698,9800000698,DS,40000,0,Open
699,4,2024-11-30,Customer_699,9800000699,SQL,25000,0,Open
700,8,2024-12-01,Customer_700,9800000700,FSD,45000,0,Open
701,2,2024-12-02,Customer_701,9800000701,BI,28000,0,Open
702,1,2024-12-03,Customer_702,9800000702,BA,30000,0,Open
703,3,2024-12-04,Customer_703,9800000703,ML,42000,0,Open
704,7,2024-12-05,Customer_704,9800000704,DS,40000,0,Open
705,6,2024-12-06,Customer_705,9800000705,BA,30000,0,Open
706,7,2024-12-07,Customer_706,9800000706,DA,35000,0,Open
707,2,2024-12-08,Customer_707,9800000707,AI,48000,0,Open
708,2,2024-12-09,Customer_708,9800000708,DS,40000,0,Open
709,7,2024-12-10,Customer_709,9800000709,BI,28000,0,Open
710,1,2024-12-11,Customer_710,9800000710,SQL,25000,0,Open
711,6,2024-12-12,Customer_711,9800000711,ML,42000,0,Open
712,1,2024-12-13,Customer_712,9800000712,AI,48000,0,Open
713,2,2024-12-14,Customer_713,9800000713,AI,48000,0,Open
714,4,2024-12-15,Customer_714,9800000714,FSD,45000,0,Open
715,6,2024-12-16,Customer_715,9800000715,DA,35000,0,Open
716,1,2024-12-17,Customer_716,9800000716,AI,48000,0,Open
717,6,2024-12-18,Customer_717,9800000717,DA,35000,0,Open
718,8,2024-12-19,Customer_718,9800000718,BI,28000,0,Open
719,3,2024-12-20,Customer_719,9800000719,DA,35000,0,Open
720,2,2024-12-21,Customer_720,9800000720,BI,28000,0,Open
721,1,2024-12-22,Customer_721,9800000721,ML,42000,0,Open
722,4,2024-12-23,Customer_722,9800000722,DS,40000,0,Open
723,4,2024-12-24,Customer_723,9800000723,DS,40000,0,Open
724,6,2024-12-25,Customer_724,9800000724,ML,42000,0,Open
725,7,2024-12-26,Customer_725,9800000725,BI,28000,0,Open
726,5,2024-12-27,Customer_726,9800000726,DS,40000,0,Open
727,4,2024-12-28,Customer_727,9800000727,ML,42000,0,Open
728,6,2024-12-29,Customer_728,9800000728,DS,40000,0,Open
729,6,2024-12-30,Customer_729,9800000729,ML,42000,0,Open
730,2,2024-01-01,Customer_730,9800000730,AI,48000,0,Open
731,7,2024-01-02,Customer_731,9800000731,SQL,25000,0,Open
732,8,2024-01-03,Customer_732,9800000732,SQL,25000,0,Open
733,6,2024-01-04,Customer_733,9800000733,DA,35000,0,Open
734,8,2024-01-05,Customer_734,9800000734,BI,28000,0,Open
735,6,2024-01-06,Customer_735,9800000735,ML,42000,0,Open
736,2,2024-01-07,Customer_736,9800000736,SQL,25000,0,Open
737,2,2024-01-08,Customer_737,9800000737,SQL,25000,0,Open
738,3,2024-01-09,Customer_738,9800000738,ML,42000,0,Open
739,6,2024-01-10,Customer_739,9800000739,FSD,45000,0,Open
740,2,2024-01-11,Customer_740,9800000740,AI,48000,0,Open
741,5,2024-01-12,Customer_741,9800000741,ML,42000,0,Open
742,8,2024-01-13,Customer_742,9800000742,SQL,25000,0,Open
743,3,2024-01-14,Customer_743,9800000743,BI,28000,0,Open
744,6,2024-01-15,Customer_744,9800000744,BI,28000,0,Open
745,1,2024-01-16,Customer_745,9800000745,AI,48000,0,Open
746,7,2024-01-17,Customer_746,9800000746,ML,42000,0,Open
747,1,2024-01-18,Customer_747,9800000747,FSD,45000,0,Open
748,7,2024-01-19,Customer_748,9800000748,AI,48000,0,Open
749,3,2024-01-20,Customer_749,9800000749,DS,40000,0,Open
750,3,2024-01-21,Customer_750,9800000750,BI,28000,0,Open
751,1,2024-01-22,Customer_751,9800000751,DA,35000,0,Open
752,2,2024-01-23,Customer_752,9800000752,BA,30000,0,Open
753,6,2024-01-24,Customer_753,9800000753,AI,48000,0,Open
754,7,2024-01-25,Customer_754,9800000754,DS,40000,0,Open
755,3,2024-01-26,Customer_755,9800000755,BI,28000,0,Open
756,6,2024-01-27,Customer_756,9800000756,AI,48000,0,Open
757,8,2024-01-28,Customer_757,9800000757,FSD,45000,0,Open
758,3,2024-01-29,Customer_758,9800000758,AI,48000,0,Open
759,7,2024-01-30,Customer_759,9800000759,AI,48000,0,Open
760,5,2024-01-31,Customer_760,9800000760,BA,30000,0,Open
761,2,2024-02-01,Customer_761,9800000761,DS,40000,0,Open
762,3,2024-02-02,Customer_762,9800000762,BI,28000,0,Open
763,7,2024-02-03,Customer_763,9800000763,FSD,45000,0,Open
764,5,2024-02-04,Customer_764,9800000764,ML,42000,0,Open
765,8,2024-02-05,Customer_765,9800000765,BA,30000,0,Open
766,5,2024-02-06,Customer_766,9800000766,BI,28000,0,Open
767,4,2024-02-07,Customer_767,9800000767,FSD,45000,0,Open
768,3,2024-02-08,Customer_768,9800000768,FSD,45000,0,Open
769,8,2024-02-09,Customer_769,9800000769,DA,35000,0,Open
770,8,2024-02-10,Customer_770,9800000770,FSD,45000,0,Open
771,6,2024-02-11,Customer_771,9800000771,AI,48000,0,Open
772,2,2024-02-12,Customer_772,9800000772,ML,42000,0,Open
773,5,2024-02-13,Customer_773,9800000773,DA,35000,0,Open
774,3,2024-02-14,Customer_774,9800000774,AI,48000,0,Open
775,4,2024-02-15,Customer_775,9800000775,FSD,45000,0,Open
776,4,2024-02-16,Customer_776,9800000776,DA,35000,0,Open
777,4,2024-02-17,Customer_777,9800000777,BI,28000,0,Open
778,1,2024-02-18,Customer_778,9800000778,AI,48000,0,Open
779,6,2024-02-19,Customer_779,9800000779,BI,28000,0,Open
780,3,2024-02-20,Customer_780,9800000780,FSD,45000,0,Open
781,2,2024-02-21,Customer_781,9800000781,ML,42000,0,Open
782,7,2024-02-22,Customer_782,9800000782,BI,28000,0,Open
783,7,2024-02-23,Customer_783,9800000783,SQL,25000,0,Open
784,2,2024-02-24,Customer_784,9800000784,DA,35000,0,Open
785,6,2024-02-25,Customer_785,9800000785,FSD,45000,0,Open
786,8,2024-02-26,Customer_786,9800000786,BI,28000,0,Open
787,6,2024-02-27,Customer_787,9800000787,DA,35000,0,Open
788,3,2024-02-28,Customer_788,9800000788,DA,35000,0,Open
789,7,2024-02-29,Customer_789,9800000789,DS,40000,0,Open
790,2,2024-03-01,Customer_790,9800000790,DA,35000,0,Open
791,5,2024-03-02,Customer_791,9800000791,DA,35000,0,Open
792,3,2024-03-03,Customer_792,9800000792,AI,48000,0,Open
793,4,2024-03-04,Customer_793,9800000793,AI,48000,0,Open
794,5,2024-03-05,Customer_794,9800000794,FSD,45000,0,Open
795,5,2024-03-06,Customer_795,9800000795,BA,30000,0,Open
796,5,2024-03-07,Customer_796,9800000796,DA,35000,0,Open
797,5,2024-03-08,Customer_797,9800000797,FSD,45000,0,Open
798,3,2024-03-09,Customer_798,9800000798,DA,35000,0,Open
799,3,2024-03-10,Customer_799,9800000799,AI,48000,0,Open
800,1,2024-03-11,Customer_800,9800000800,DS,40000,0,Open
801,2,2024-03-12,Customer_801,9800000801,DS,40000,0,Open
802,5,2024-03-13,Customer_802,9800000802,BA,30000,0,Open
803,7,2024-03-14,Customer_803,9800000803,DS,40000,0,Open
804,8,2024-03-15,Customer_804,9800000804,ML,42000,0,Open
805,5,2024-03-16,Customer_805,9800000805,BI,28000,0,Open
806,4,2024-03-17,Customer_806,9800000806,SQL,25000,0,Open
807,5,2024-03-18,Customer_807,9800000807,BI,28000,0,Open
808,2,2024-03-19,Customer_808,9800000808,DS,40000,0,Open
809,3,2024-03-20,Customer_809,9800000809,BI,28000,0,Open
810,7,2024-03-21,Customer_810,9800000810,BI,28000,0,Open
811,8,2024-03-22,Customer_811,9800000811,BA,30000,0,Open
812,6,2024-03-23,Customer_812,9800000812,DA,35000,0,Open
813,6,2024-03-24,Customer_813,9800000813,AI,48000,0,Open
814,6,2024-03-25,Customer_814,9800000814,SQL,25000,0,Open
815,3,2024-03-26,Customer_815,9800000815,AI,48000,0,Open
816,2,2024-03-27,Customer_816,9800000816,AI,48000,0,Open
817,4,2024-03-28,Customer_817,9800000817,BI,28000,0,Open
818,2,2024-03-29,Customer_818,9800000818,ML,42000,0,Open
819,8,2024-03-30,Customer_819,9800000819,BA,30000,0,Open
820,3,2024-03-31,Customer_820,9800000820,FSD,45000,0,Open
821,1,2024-04-01,Customer_821,9800000821,ML,42000,0,Open
822,7,2024-04-02,Customer_822,9800000822,SQL,25000,0,Open
823,4,2024-04-03,Customer_823,9800000823,DA,35000,0,Open
824,6,2024-04-04,Customer_824,9800000824,AI,48000,0,Open
825,4,2024-04-05,Customer_825,9800000825,DA,35000,0,Open
826,8,2024-04-06,Customer_826,9800000826,BI,28000,0,Open
827,8,2024-04-07,Customer_827,9800000827,ML,42000,0,Open
828,8,2024-04-08,Customer_828,9800000828,DS,40000,0,Open
829,2,2024-04-09,Customer_829,9800000829,SQL,25000,0,Open
830,8,2024-04-10,Customer_830,9800000830,BA,30000,0,Open
831,4,2024-04-11,Customer_831,9800000831,AI,48000,0,Open
832,1,2024-04-12,Customer_832,9800000832,DS,40000,0,Open
833,5,2024-04-13,Customer_833,9800000833,BI,28000,0,Open
834,8,2024-04-14,Customer_834,9800000834,ML,42000,0,Open
835,1,2024-04-15,Customer_835,9800000835,FSD,45000,0,Open
836,7,2024-04-16,Customer_836,9800000836,DA,35000,0,Open
837,5,2024-04-17,Customer_837,9800000837,AI,48000,0,Open
838,7,2024-04-18,Customer_838,9800000838,AI,48000,0,Open
839,1,2024-04-19,Customer_839,9800000839,SQL,25000,0,Open
840,1,2024-04-20,Customer_840,9800000840,BA,30000,0,Open
841,6,2024-04-21,Customer_841,9800000841,ML,42000,0,Open
842,2,2024-04-22,Customer_842,9800000842,SQL,25000,0,Open
843,8,2024-04-23,Customer_843,9800000843,ML,42000,0,Open
844,2,2024-04-24,Customer_844,9800000844,DA,35000,0,Open
845,2,2024-04-25,Customer_845,9800000845,SQL,25000,0,Open
846,6,2024-04-26,Customer_846,9800000846,AI,48000,0,Open
847,6,2024-04-27,Customer_847,9800000847,DA,35000,0,Open
848,4,2024-04-28,Customer_848,9800000848,SQL,25000,0,Open
849,1,2024-04-29,Customer_849,9800000849,DS,40000,0,Open
850,1,2024-04-30,Customer_850,9800000850,DA,35000,0,Open
851,6,2024-05-01,Customer_851,9800000851,BI,28000,0,Open
852,8,2024-05-02,Customer_852,9800000852,DA,35000,0,Open
853,3,2024-05-03,Customer_853,9800000853,AI,48000,0,Open
854,6,2024-05-04,Customer_854,9800000854,DA,35000,0,Open
855,7,2024-05-05,Customer_855,9800000855,ML,42000,0,Open
856,6,2024-05-06,Customer_856,9800000856,BI,28000,0,Open
857,5,2024-05-07,Customer_857,9800000857,BI,28000,0,Open
858,1,2024-05-08,Customer_858,9800000858,AI,48000,0,Open
859,6,2024-05-09,Customer_859,9800000859,FSD,45000,0,Open
860,7,2024-05-10,Customer_860,9800000860,ML,42000,0,Open
861,1,2024-05-11,Customer_861,9800000861,BI,28000,0,Open
862,5,2024-05-12,Customer_862,9800000862,BA,30000,0,Open
863,1,2024-05-13,Customer_863,9800000863,BI,28000,0,Open
864,3,2024-05-14,Customer_864,9800000864,SQL,25000,0,Open
865,3,2024-05-15,Customer_865,9800000865,BA,30000,0,Open
866,1,2024-05-16,Customer_866,9800000866,FSD,45000,0,Open
867,4,2024-05-17,Customer_867,9800000867,DS,40000,0,Open
868,8,2024-05-18,Customer_868,9800000868,AI,48000,0,Open
869,7,2024-05-19,Customer_869,9800000869,DA,35000,0,Open
870,7,2024-05-20,Customer_870,9800000870,BA,30000,0,Open
871,7,2024-05-21,Customer_871,9800000871,BI,28000,0,Open
872,1,2024-05-22,Customer_872,9800000872,DA,35000,0,Open
873,4,2024-05-23,Customer_873,9800000873,AI,48000,0,Open
874,8,2024-05-24,Customer_874,9800000874,SQL,25000,0,Open
875,6,2024-05-25,Customer_875,9800000875,DA,35000,0,Open
876,8,2024-05-26,Customer_876,9800000876,AI,48000,0,Open
877,6,2024-05-27,Customer_877,9800000877,ML,42000,0,Open
878,8,2024-05-28,Customer_878,9800000878,BA,30000,0,Open
879,4,2024-05-29,Customer_879,9800000879,ML,42000,0,Open
880,5,2024-05-30,Customer_880,9800000880,BA,30000,0,Open
881,5,2024-05-31,Customer_881,9800000881,ML,42000,0,Open
882,4,2024-06-01,Customer_882,9800000882,BI,28000,0,Open
883,6,2024-06-02,Customer_883,9800000883,BI,28000,0,Open
884,6,2024-06-03,Customer_884,9800000884,ML,42000,0,Open
885,5,2024-06-04,Customer_885,9800000885,FSD,45000,0,Open
886,7,2024-06-05,Customer_886,9800000886,SQL,25000,0,Open
887,6,2024-06-06,Customer_887,9800000887,DA,35000,0,Open
888,5,2024-06-07,Customer_888,9800000888,DS,40000,0,Open
889,5,2024-06-08,Customer_889,9800000889,FSD,45000,0,Open
890,6,2024-06-09,Customer_890,9800000890,BI,28000,0,Open
891,5,2024-06-10,Customer_891,9800000891,BI,28000,0,Open
892,4,2024-06-11,Customer_892,9800000892,BA,30000,0,Open
893,5,2024-06-12,Customer_893,9800000893,ML,42000,0,Open
894,3,2024-06-13,Customer_894,9800000894,FSD,45000,0,Open
895,4,2024-06-14,Customer_895,9800000895,BA,30000,0,Open
896,1,2024-06-15,Customer_896,9800000896,BA,30000,0,Open
897,4,2024-06-16,Customer_897,9800000897,DS,40000,0,Open
898,2,2024-06-17,Customer_898,9800000898,SQL,25000,0,Open
899,6,2024-06-18,Customer_899,9800000899,BI,28000,0,Open
900,2,2024-06-19,Customer_900,9800000900,DA,35000,0,Open
901,1,2024-06-20,Customer_901,9800000901,DA,35000,0,Open
902,7,2024-06-21,Customer_902,9800000902,BI,28000,0,Open
903,8,2024-06-22,Customer_903,9800000903,BA,30000,0,Open
904,5,2024-06-23,Customer_904,9800000904,AI,48000,0,Open
905,5,2024-06-24,Customer_905,9800000905,DS,40000,0,Open
906,2,2024-06-25,Customer_906,9800000906,BA,30000,0,Open
907,1,2024-06-26,Customer_907,9800000907,DA,35000,0,Open
908,7,2024-06-27,Customer_908,9800000908,DA,35000,0,Open
909,1,2024-06-28,Customer_909,9800000909,SQL,25000,0,Open
910,8,2024-06-29,Customer_910,9800000910,DA,35000,0,Open
911,5,2024-06-30,Customer_911,9800000911,DS,40000,0,Open
912,1,2024-07-01,Customer_912,9800000912,ML,42000,0,Open
913,2,2024-07-02,Customer_913,9800000913,AI,48000,0,Open
914,5,2024-07-03,Customer_914,9800000914,BI,28000,0,Open
915,8,2024-07-04,Customer_915,9800000915,DA,35000,0,Open
916,8,2024-07-05,Customer_916,9800000916,ML,42000,0,Open
917,4,2024-07-06,Customer_917,9800000917,FSD,45000,0,Open
918,6,2024-07-07,Customer_918,9800000918,DA,35000,0,Open
919,8,2024-07-08,Customer_919,9800000919,ML,42000,0,Open
920,3,2024-07-09,Customer_920,9800000920,DS,40000,0,Open
921,6,2024-07-10,Customer_921,9800000921,ML,42000,0,Open
922,4,2024-07-11,Customer_922,9800000922,DA,35000,0,Open
923,7,2024-07-12,Customer_923,9800000923,SQL,25000,0,Open
924,6,2024-07-13,Customer_924,9800000924,FSD,45000,0,Open
925,7,2024-07-14,Customer_925,9800000925,FSD,45000,0,Open
926,3,2024-07-15,Customer_926,9800000926,DA,35000,0,Open
927,8,2024-07-16,Customer_927,9800000927,AI,48000,0,Open
928,4,2024-07-17,Customer_928,9800000928,DS,40000,0,Open
929,5,2024-07-18,Customer_929,9800000929,SQL,25000,0,Open
930,4,2024-07-19,Customer_930,9800000930,BI,28000,0,Open
931,5,2024-07-20,Customer_931,9800000931,AI,48000,0,Open
932,5,2024-07-21,Customer_932,9800000932,DS,40000,0,Open
933,5,2024-07-22,Customer_933,9800000933,AI,48000,0,Open
934,4,2024-07-23,Customer_934,9800000934,DS,40000,0,Open
935,2,2024-07-24,Customer_935,9800000935,BI,28000,0,Open
936,5,2024-07-25,Customer_936,9800000936,DA,35000,0,Open
937,7,2024-07-26,Customer_937,9800000937,ML,42000,0,Open
938,2,2024-07-27,Customer_938,9800000938,ML,42000,0,Open
939,6,2024-07-28,Customer_939,9800000939,BA,30000,0,Open
940,4,2024-07-29,Customer_940,9800000940,DA,35000,0,Open
941,8,2024-07-30,Customer_941,9800000941,DA,35000,0,Open
942,8,2024-07-31,Customer_942,9800000942,AI,48000,0,Open
943,7,2024-08-01,Customer_943,9800000943,BI,28000,0,Open
944,4,2024-08-02,Customer_944,9800000944,BA,30000,0,Open
945,2,2024-08-03,Customer_945,9800000945,BI,28000,0,Open
946,6,2024-08-04,Customer_946,9800000946,FSD,45000,0,Open
947,2,2024-08-05,Customer_947,9800000947,DS,40000,0,Open
948,4,2024-08-06,Customer_948,9800000948,DA,35000,0,Open
949,3,2024-08-07,Customer_949,9800000949,AI,48000,0,Open
950,8,2024-08-08,Customer_950,9800000950,FSD,45000,0,Open
951,4,2024-08-09,Customer_951,9800000951,BI,28000,0,Open
952,2,2024-08-10,Customer_952,9800000952,BI,28000,0,Open
953,1,2024-08-11,Customer_953,9800000953,BI,28000,0,Open
954,3,2024-08-12,Customer_954,9800000954,SQL,25000,0,Open
955,8,2024-08-13,Customer_955,9800000955,DS,40000,0,Open
956,8,2024-08-14,Customer_956,9800000956,ML,42000,0,Open
957,1,2024-08-15,Customer_957,9800000957,SQL,25000,0,Open
958,5,2024-08-16,Customer_958,9800000958,DS,40000,0,Open
959,4,2024-08-17,Customer_959,9800000959,FSD,45000,0,Open
960,1,2024-08-18,Customer_960,9800000960,SQL,25000,0,Open
961,6,2024-08-19,Customer_961,9800000961,FSD,45000,0,Open
962,1,2024-08-20,Customer_962,9800000962,FSD,45000,0,Open
963,8,2024-08-21,Customer_963,9800000963,DS,40000,0,Open
964,5,2024-08-22,Customer_964,9800000964,SQL,25000,0,Open
965,3,2024-08-23,Customer_965,9800000965,DA,35000,0,Open
966,7,2024-08-24,Customer_966,9800000966,AI,48000,0,Open
967,7,2024-08-25,Customer_967,9800000967,BI,28000,0,Open
968,7,2024-08-26,Customer_968,9800000968,SQL,25000,0,Open
969,2,2024-08-27,Customer_969,9800000969,DA,35000,0,Open
970,6,2024-08-28,Customer_970,9800000970,FSD,45000,0,Open
971,3,2024-08-29,Customer_971,9800000971,SQL,25000,0,Open
972,3,2024-08-30,Customer_972,9800000972,BA,30000,0,Open
973,1,2024-08-31,Customer_973,9800000973,DS,40000,0,Open
974,5,2024-09-01,Customer_974,9800000974,BI,28000,0,Open
975,7,2024-09-02,Customer_975,9800000975,SQL,25000,0,Open
976,4,2024-09-03,Customer_976,9800000976,BA,30000,0,Open
977,8,2024-09-04,Customer_977,9800000977,AI,48000,0,Open
978,3,2024-09-05,Customer_978,9800000978,ML,42000,0,Open
979,4,2024-09-06,Customer_979,9800000979,FSD,45000,0,Open
980,1,2024-09-07,Customer_980,9800000980,SQL,25000,0,Open
981,1,2024-09-08,Customer_981,9800000981,BA,30000,0,Open
982,4,2024-09-09,Customer_982,9800000982,FSD,45000,0,Open
983,2,2024-09-10,Customer_983,9800000983,DS,40000,0,Open
984,8,2024-09-11,Customer_984,9800000984,DS,40000,0,Open
985,4,2024-09-12,Customer_985,9800000985,DS,40000,0,Open
986,7,2024-09-13,Customer_986,9800000986,BI,28000,0,Open
987,4,2024-09-14,Customer_987,9800000987,BA,30000,0,Open
988,1,2024-09-15,Customer_988,9800000988,DA,35000,0,Open
989,5,2024-09-16,Customer_989,9800000989,BA,30000,0,Open
990,6,2024-09-17,Customer_990,9800000990,AI,48000,0,Open
991,4,2024-09-18,Customer_991,9800000991,ML,42000,0,Open
992,3,2024-09-19,Customer_992,9800000992,BA,30000,0,Open
993,7,2024-09-20,Customer_993,9800000993,ML,42000,0,Open
994,5,2024-09-21,Customer_994,9800000994,DS,40000,0,Open
995,3,2024-09-22,Customer_995,9800000995,SQL,25000,0,Open
996,8,2024-09-23,Customer_996,9800000996,DS,40000,0,Open
997,6,2024-09-24,Customer_997,9800000997,SQL,25000,0,Open
998,6,2024-09-25,Customer_998,9800000998,SQL,25000,0,Open
999,7,2024-09-26,Customer_999,9800000999,DA,35000,0,Open
1000,5,2024-09-27,Customer_1000,9800001000,SQL,25000,0,Open
