payment_id,sale_id,payment_date,amount_paid,payment_method
1,1,2024-01-06,7296,Cash
2,2,2024-01-04,7314,Card
3,3,2024-01-04,3457,Cash
4,3,2024-01-07,384,Cash
5,3,2024-01-12,1856,Card
6,4,2024-01-15,408,Card
7,4,2024-01-11,1117,Cash
8,4,2024-01-12,214,Card
9,5,2024-01-08,18231,Card
10,6,2024-01-09,9106,Cash
11,6,2024-01-12,18590,Cash
12,7,2024-01-13,397,UPI
13,7,2024-01-17,2642,UPI
14,8,2024-01-16,26447,Card
15,9,2024-01-18,323,UPI
16,9,2024-01-20,3767,Card
17,10,2024-01-12,6301,Cash
18,10,2024-01-15,7468,Cash
19,10,2024-01-14,9931,Cash
20,11,2024-01-22,14858,UPI
21,11,2024-01-14,10053,UPI
22,12,2024-01-23,23283,UPI
23,13,2024-01-22,1402,Card
24,13,2024-01-16,1003,UPI
25,13,2024-01-20,2274,UPI
26,14,2024-01-18,36501,Card
27,14,2024-01-15,2657,Cash
28,14,2024-01-15,2785,UPI
29,15,2024-01-19,2169,Card
30,15,2024-01-21,24121,Cash
31,16,2024-01-27,25929,UPI
32,16,2024-01-19,17025,UPI
33,17,2024-01-26,9150,Card
34,18,2024-01-28,14039,UPI
35,18,2024-01-22,1483,Cash
36,18,2024-01-27,1697,UPI
37,19,2024-01-21,5957,Cash
38,20,2024-01-31,41120,UPI
39,21,2024-01-28,39086,UPI
40,22,2024-01-27,34677,Card
41,22,2024-01-23,4375,Card
42,23,2024-02-03,23616,Card
43,24,2024-01-26,11147,UPI
44,24,2024-01-27,3562,UPI
45,24,2024-01-25,2777,Card
46,25,2024-02-03,5855,Cash
47,25,2024-01-30,10245,Card
48,25,2024-02-03,1161,Card
49,26,2024-02-01,13035,Cash
50,27,2024-02-06,38,UPI
51,27,2024-01-28,32022,Cash
52,27,2024-02-02,3288,UPI
53,28,2024-02-01,15692,Card
54,29,2024-02-06,2580,Cash
55,30,2024-02-02,34911,Card
56,31,2024-02-05,2706,Card
57,31,2024-02-07,9939,Cash
58,31,2024-02-09,2929,Card
59,32,2024-02-06,22605,UPI
60,33,2024-02-10,16960,Cash
61,33,2024-02-06,7512,Cash
62,34,2024-02-13,173,Card
63,34,2024-02-07,4023,Card
64,35,2024-02-06,7216,Card
65,36,2024-02-09,41359,Cash
66,37,2024-02-15,291,Cash
67,37,2024-02-11,1767,Card
68,38,2024-02-16,15906,Cash
69,39,2024-02-16,18882,Cash
70,39,2024-02-15,3875,Cash
71,39,2024-02-10,945,Cash
72,40,2024-02-16,11610,UPI
73,40,2024-02-17,9983,Card
74,41,2024-02-21,2677,Cash
75,41,2024-02-17,63,Card
76,41,2024-02-16,810,Cash
77,42,2024-02-15,16295,Card
78,43,2024-02-19,29400,Cash
79,44,2024-02-15,4093,UPI
80,44,2024-02-22,5034,Cash
81,45,2024-02-15,1108,Cash
82,45,2024-02-17,243,UPI
83,45,2024-02-22,306,UPI
84,46,2024-02-18,481,UPI
85,46,2024-02-16,6523,UPI
86,47,2024-02-23,9348,Card
87,47,2024-02-25,8032,Card
88,48,2024-02-21,31894,UPI
89,49,2024-02-28,7133,Card
90,50,2024-02-25,17766,Cash
91,51,2024-02-29,977,Card
92,51,2024-02-21,162,Card
93,51,2024-02-22,504,Cash
94,52,2024-03-03,557,Cash
95,52,2024-02-23,1654,Card
96,52,2024-02-25,2279,Card
97,53,2024-03-03,38962,Cash
98,54,2024-03-04,19126,Card
99,54,2024-02-28,5184,Cash
100,54,2024-03-05,3164,Card
101,55,2024-02-29,10295,UPI
102,56,2024-03-04,2458,UPI
103,56,2024-02-27,1540,Cash
104,56,2024-03-04,290,Card
105,57,2024-02-28,36896,Card
106,58,2024-03-01,4346,UPI
107,58,2024-03-02,1128,UPI
108,58,2024-03-03,8495,Cash
109,59,2024-03-04,11527,Card
110,59,2024-03-08,2679,Cash
111,59,2024-03-10,152,Card
112,60,2024-03-03,3395,UPI
113,60,2024-03-02,1892,Card
114,60,2024-03-09,14333,Cash
115,61,2024-03-07,6902,Cash
116,61,2024-03-12,10946,Card
117,62,2024-03-10,16562,UPI
118,62,2024-03-03,11386,Cash
119,63,2024-03-04,18133,Cash
120,63,2024-03-09,23435,Cash
121,64,2024-03-12,10590,Card
122,64,2024-03-11,31163,Card
123,65,2024-03-07,633,Card
124,66,2024-03-12,591,Card
125,66,2024-03-09,9053,UPI
126,66,2024-03-09,124,Cash
127,67,2024-03-13,654,Cash
128,67,2024-03-18,9447,Cash
129,68,2024-03-17,6391,UPI
130,68,2024-03-18,345,Card
131,69,2024-03-12,5064,Cash
132,70,2024-03-13,27020,Card
133,71,2024-03-16,4066,Cash
134,71,2024-03-13,6819,UPI
135,72,2024-03-16,912,UPI
136,72,2024-03-18,1625,UPI
137,73,2024-03-14,14915,Card
138,74,2024-03-19,2690,Cash
139,74,2024-03-19,3638,UPI
140,75,2024-03-26,13097,Card
141,75,2024-03-16,2713,Cash
142,75,2024-03-20,5210,Cash
143,76,2024-03-18,2508,Card
144,76,2024-03-23,35541,UPI
145,77,2024-03-26,19865,Cash
146,77,2024-03-24,692,Card
147,78,2024-03-25,364,Cash
148,78,2024-03-27,5864,Card
149,79,2024-03-25,43950,UPI
150,80,2024-03-30,1353,UPI
151,80,2024-03-22,680,Card
152,80,2024-03-25,259,Card
153,81,2024-03-27,13383,UPI
154,81,2024-03-26,5712,Card
155,81,2024-03-24,1174,Cash
156,82,2024-04-02,12424,Card
157,82,2024-03-25,14792,Card
158,82,2024-04-01,338,UPI
159,83,2024-03-28,14,UPI
160,83,2024-03-30,6888,Card
161,83,2024-04-02,19710,Card
162,84,2024-04-01,7239,Card
163,84,2024-03-28,3320,Card
164,85,2024-04-05,2781,Cash
165,85,2024-04-03,4650,Card
166,85,2024-04-05,8074,Card
167,86,2024-03-30,10983,Card
168,87,2024-03-31,10171,Cash
169,88,2024-04-01,1600,UPI
170,89,2024-04-06,40060,UPI
171,90,2024-04-06,6372,UPI
172,90,2024-04-03,6548,Cash
173,90,2024-04-10,7716,Card
174,91,2024-04-07,363,Cash
175,92,2024-04-09,8487,Cash
176,92,2024-04-05,2284,Cash
177,92,2024-04-09,755,Cash
178,93,2024-04-11,17405,Card
179,93,2024-04-10,5199,Card
180,93,2024-04-11,7846,UPI
181,94,2024-04-06,14612,Card
182,94,2024-04-11,7778,UPI
183,94,2024-04-07,4826,Card
184,95,2024-04-15,7940,Cash
185,95,2024-04-12,563,Cash
186,95,2024-04-09,583,Cash
187,96,2024-04-14,10477,Cash
188,96,2024-04-08,7330,Cash
189,97,2024-04-09,11370,Card
190,97,2024-04-10,3785,Cash
191,98,2024-04-16,5422,UPI
192,98,2024-04-14,8172,Cash
193,99,2024-04-18,6382,Card
194,99,2024-04-09,7173,Card
195,100,2024-04-15,194,UPI
196,100,2024-04-16,24734,UPI
197,101,2024-04-18,14454,Cash
198,101,2024-04-17,8944,UPI
199,101,2024-04-11,11874,UPI
200,102,2024-04-14,6625,UPI
201,102,2024-04-21,1046,Card
202,102,2024-04-12,3343,UPI
203,103,2024-04-14,889,Card
204,103,2024-04-15,14045,UPI
205,103,2024-04-15,4461,Cash
206,104,2024-04-17,5364,UPI
207,104,2024-04-19,3160,UPI
208,105,2024-04-21,9118,UPI
209,105,2024-04-16,15825,UPI
210,106,2024-04-16,1105,UPI
211,106,2024-04-26,58,Cash
212,106,2024-04-26,107,Cash
213,107,2024-04-20,2033,Cash
214,108,2024-04-21,40719,Cash
215,109,2024-04-28,3749,Cash
216,109,2024-04-23,15239,UPI
217,109,2024-04-21,12047,Card
218,110,2024-04-22,3754,UPI
219,110,2024-04-29,1772,Cash
220,110,2024-04-24,14372,Card
221,111,2024-04-24,12998,Cash
222,111,2024-04-30,9197,Card
223,112,2024-04-23,7958,Card
224,112,2024-05-02,9883,Card
225,112,2024-04-23,9375,Card
226,113,2024-04-29,2183,Card
227,113,2024-04-28,508,Cash
228,114,2024-04-24,22363,UPI
229,114,2024-04-25,8032,UPI
230,114,2024-04-29,2763,Card
231,115,2024-04-27,23178,UPI
232,115,2024-04-27,3977,Card
233,116,2024-05-05,17701,Card
234,116,2024-05-03,15844,UPI
235,116,2024-05-05,648,UPI
236,117,2024-04-28,21122,UPI
237,118,2024-05-05,29543,Card
238,119,2024-05-04,12419,Cash
239,119,2024-05-04,4050,Cash
240,119,2024-05-06,3530,Cash
241,120,2024-05-04,5577,Card
242,120,2024-05-04,6049,Card
243,121,2024-05-02,196,Cash
244,121,2024-05-07,369,UPI
245,121,2024-05-09,100,Cash
246,122,2024-05-09,42330,UPI
247,122,2024-05-02,2929,Cash
248,123,2024-05-09,9641,Card
249,124,2024-05-13,5440,UPI
250,124,2024-05-11,2532,Card
251,125,2024-05-13,13943,UPI
252,125,2024-05-10,3454,Card
253,126,2024-05-10,10048,Cash
254,126,2024-05-07,19688,Card
255,127,2024-05-15,1959,Card
256,127,2024-05-09,10662,Cash
257,128,2024-05-12,7934,Card
258,128,2024-05-16,4830,Card
259,128,2024-05-12,1416,Cash
260,129,2024-05-14,3728,Cash
261,129,2024-05-13,8993,Cash
262,130,2024-05-14,4148,Cash
263,130,2024-05-18,1787,UPI
264,130,2024-05-12,17265,Card
265,131,2024-05-11,32170,Card
266,132,2024-05-19,15687,UPI
267,132,2024-05-14,2947,Cash
268,133,2024-05-14,3739,UPI
269,133,2024-05-20,12807,Cash
270,134,2024-05-16,3513,Card
271,135,2024-05-18,19912,Cash
272,136,2024-05-24,14791,UPI
273,136,2024-05-23,21782,UPI
274,137,2024-05-21,14052,Card
275,137,2024-05-17,5088,Card
276,137,2024-05-18,347,Cash
277,138,2024-05-22,40993,Card
278,139,2024-05-22,5320,Cash
279,140,2024-05-22,36175,Cash
280,141,2024-05-30,22590,UPI
281,141,2024-05-25,4182,Cash
282,142,2024-05-26,11583,Card
283,142,2024-05-29,3587,Cash
284,143,2024-06-02,12908,Card
285,143,2024-06-02,2389,Cash
286,144,2024-06-01,27861,Cash
287,145,2024-05-26,2331,Cash
288,145,2024-05-27,7433,UPI
289,146,2024-05-30,37304,UPI
290,146,2024-06-02,255,Card
291,146,2024-05-30,1437,Card
292,147,2024-06-04,16400,UPI
293,147,2024-06-03,9978,Cash
294,148,2024-06-06,1321,UPI
295,148,2024-05-28,1291,Cash
296,149,2024-06-07,6849,Card
297,149,2024-06-08,22,UPI
298,149,2024-06-07,630,Cash
299,150,2024-06-09,8503,UPI
300,150,2024-06-03,2978,Cash
301,151,2024-06-07,26682,Cash
302,151,2024-06-05,963,UPI
303,151,2024-06-05,921,UPI
304,152,2024-06-03,43917,UPI
305,153,2024-06-06,8118,Card
306,153,2024-06-10,3281,Cash
307,153,2024-06-09,2089,Cash
308,154,2024-06-04,10594,UPI
309,154,2024-06-11,10018,Cash
310,155,2024-06-10,30277,Cash
311,155,2024-06-12,3074,UPI
312,155,2024-06-13,9749,UPI
313,156,2024-06-08,3383,UPI
314,156,2024-06-13,37603,Cash
315,157,2024-06-07,7942,Cash
316,157,2024-06-16,1496,Card
317,158,2024-06-11,2595,Card
318,158,2024-06-15,225,UPI
319,158,2024-06-08,12862,Cash
320,159,2024-06-18,963,Cash
321,159,2024-06-15,6472,Card
322,160,2024-06-15,8960,UPI
323,160,2024-06-12,7737,UPI
324,160,2024-06-17,2430,Cash
325,161,2024-06-19,12569,Card
326,162,2024-06-15,8946,UPI
327,163,2024-06-12,4378,UPI
328,163,2024-06-16,5948,Card
329,163,2024-06-21,811,Card
330,164,2024-06-20,32089,Card
331,165,2024-06-22,10894,Card
332,165,2024-06-20,20847,UPI
333,166,2024-06-18,21088,Card
334,167,2024-06-22,12549,Cash
335,168,2024-06-23,7750,UPI
336,168,2024-06-19,2671,UPI
337,168,2024-06-17,5,Cash
338,169,2024-06-19,21758,UPI
339,169,2024-06-26,1634,UPI
340,169,2024-06-18,9526,Card
341,170,2024-06-20,1265,UPI
342,170,2024-06-23,3458,UPI
343,171,2024-06-30,13025,Cash
344,171,2024-06-25,6978,Card
345,171,2024-06-28,419,UPI
346,172,2024-06-29,15990,Cash
347,172,2024-06-24,561,Card
348,172,2024-07-01,4201,UPI
349,173,2024-06-28,1481,Cash
350,173,2024-07-02,12458,Card
351,173,2024-06-23,969,UPI
352,174,2024-06-23,4907,Cash
353,174,2024-06-23,2658,UPI
354,174,2024-06-28,3337,UPI
355,175,2024-06-27,28225,Card
356,176,2024-06-27,22342,Cash
357,176,2024-06-26,1435,Card
358,176,2024-07-01,3227,Card
359,177,2024-07-05,14956,Cash
360,177,2024-06-29,827,UPI
361,178,2024-07-07,8367,Cash
362,178,2024-07-04,8277,UPI
363,179,2024-06-29,5177,UPI
364,179,2024-07-07,11324,UPI
365,179,2024-07-08,5702,UPI
366,180,2024-07-03,29940,Cash
367,180,2024-07-05,15300,UPI
368,181,2024-07-06,6989,Card
369,182,2024-07-05,4848,Cash
370,182,2024-07-11,6800,UPI
371,182,2024-07-05,114,Cash
372,183,2024-07-11,3215,Card
373,183,2024-07-06,32554,Cash
374,183,2024-07-11,1319,UPI
375,184,2024-07-12,3116,UPI
376,184,2024-07-13,11105,Card
377,184,2024-07-05,131,Card
378,185,2024-07-04,5295,UPI
379,185,2024-07-04,903,Card
380,185,2024-07-09,169,Card
381,186,2024-07-09,8612,UPI
382,187,2024-07-09,27230,Cash
383,188,2024-07-15,34790,UPI
384,188,2024-07-09,560,UPI
385,189,2024-07-13,12232,Cash
386,189,2024-07-15,3557,Cash
387,190,2024-07-19,4612,Card
388,191,2024-07-11,11986,UPI
389,191,2024-07-14,229,Card
390,191,2024-07-11,13829,UPI
391,192,2024-07-15,11016,Card
392,192,2024-07-21,781,UPI
393,192,2024-07-12,280,Card
394,193,2024-07-21,411,Card
395,193,2024-07-17,14912,Card
396,194,2024-07-23,518,UPI
397,194,2024-07-17,5744,Card
398,194,2024-07-19,991,Cash
399,195,2024-07-14,9160,UPI
400,196,2024-07-16,16142,Cash
401,197,2024-07-22,35228,UPI
402,198,2024-07-25,11412,UPI
403,198,2024-07-19,602,UPI
404,198,2024-07-27,143,Cash
405,199,2024-07-24,20174,UPI
406,199,2024-07-18,7144,Card
407,200,2024-07-26,24283,UPI
408,201,2024-07-30,1628,UPI
409,201,2024-07-28,13845,Card
410,202,2024-07-27,23506,UPI
411,203,2024-07-29,12439,Cash
412,204,2024-08-02,21717,Card
413,205,2024-07-24,39134,UPI
414,206,2024-08-03,7981,Cash
415,207,2024-08-04,1698,Cash
416,207,2024-07-31,955,Cash
417,207,2024-08-04,1843,Cash
418,208,2024-07-29,9085,Card
419,209,2024-07-29,8213,Card
420,210,2024-07-29,844,UPI
421,211,2024-07-30,5305,Cash
422,211,2024-07-30,4348,Cash
423,211,2024-08-05,5940,Card
424,212,2024-08-07,521,UPI
425,212,2024-08-05,6374,Card
426,212,2024-08-09,553,Cash
427,213,2024-08-10,3630,Cash
428,213,2024-08-09,10796,UPI
429,213,2024-08-08,385,Card
430,214,2024-08-09,1020,UPI
431,215,2024-08-10,1769,Card
432,215,2024-08-04,7268,Cash
433,215,2024-08-08,4931,Card
434,216,2024-08-06,4860,UPI
435,217,2024-08-13,19182,Card
436,217,2024-08-11,666,Card
437,217,2024-08-13,609,UPI
438,218,2024-08-12,9920,Cash
439,218,2024-08-16,938,Card
440,218,2024-08-14,4009,Card
441,219,2024-08-10,3700,UPI
442,219,2024-08-12,3345,UPI
443,220,2024-08-09,11954,UPI
444,220,2024-08-14,1111,UPI
445,221,2024-08-19,5002,UPI
446,221,2024-08-10,11702,Cash
447,222,2024-08-16,5594,Cash
448,223,2024-08-13,12211,Card
449,223,2024-08-20,983,Card
450,223,2024-08-19,11204,UPI
451,224,2024-08-18,21954,UPI
452,225,2024-08-17,1686,Card
453,225,2024-08-18,10239,Cash
454,225,2024-08-22,15792,Card
455,226,2024-08-24,13942,UPI
456,227,2024-08-20,14696,Card
457,228,2024-08-20,24088,Card
458,229,2024-08-25,6924,Card
459,229,2024-08-26,486,Card
460,230,2024-08-22,1348,Cash
461,230,2024-08-22,93,Card
462,230,2024-08-22,279,UPI
463,231,2024-08-21,23004,Cash
464,232,2024-08-21,13133,Cash
465,232,2024-08-20,5187,Cash
466,232,2024-08-28,237,Cash
467,233,2024-08-26,7433,Cash
468,233,2024-08-26,4894,UPI
469,234,2024-08-23,19538,Cash
470,234,2024-08-24,319,Card
471,234,2024-08-22,1401,Card
472,235,2024-09-02,1815,UPI
473,235,2024-08-30,858,Card
474,236,2024-08-27,8952,Card
475,236,2024-08-25,20017,UPI
476,237,2024-08-29,14087,Card
477,238,2024-09-03,31892,Card
478,238,2024-08-26,5054,Cash
479,238,2024-09-01,7519,Card
480,239,2024-08-30,1795,UPI
481,240,2024-09-01,6921,UPI
482,241,2024-08-29,10751,UPI
483,242,2024-09-01,5758,UPI
484,242,2024-09-07,18720,Card
485,243,2024-09-10,9155,UPI
486,243,2024-09-06,591,Card
487,243,2024-08-31,5334,UPI
488,244,2024-09-06,160,Card
489,244,2024-09-07,1068,Card
490,245,2024-09-08,20977,UPI
491,245,2024-09-08,944,Cash
492,245,2024-09-07,4583,Cash
493,246,2024-09-08,30140,Cash
494,246,2024-09-04,7,Cash
495,246,2024-09-09,5,Card
496,247,2024-09-10,1289,UPI
497,247,2024-09-07,5563,UPI
498,247,2024-09-06,6269,Cash
499,248,2024-09-13,7473,Card
500,248,2024-09-10,6354,UPI
501,248,2024-09-15,19628,Cash
502,249,2024-09-08,15484,UPI
503,250,2024-09-16,12928,Cash
504,251,2024-09-18,4938,UPI
505,252,2024-09-18,24900,UPI
506,252,2024-09-19,4625,Card
507,252,2024-09-18,880,UPI
508,253,2024-09-17,4947,Cash
509,253,2024-09-17,15605,UPI
510,254,2024-09-20,18002,Cash
511,254,2024-09-16,23376,Card
512,255,2024-09-19,3783,Cash
513,255,2024-09-12,1079,UPI
514,256,2024-09-23,18813,Cash
515,257,2024-09-20,16616,UPI
516,257,2024-09-22,2378,Card
517,257,2024-09-14,1158,UPI
518,258,2024-09-20,12337,Card
519,258,2024-09-23,15586,Cash
520,258,2024-09-15,9541,UPI
521,259,2024-09-17,2926,Card
522,259,2024-09-26,465,Cash
523,260,2024-09-24,2565,UPI
524,261,2024-09-23,5202,UPI
525,261,2024-09-24,4635,UPI
526,261,2024-09-23,7335,Card
527,262,2024-09-29,39183,Card
528,263,2024-09-25,10965,Cash
529,264,2024-09-25,12667,UPI
530,264,2024-09-30,5379,Cash
531,264,2024-09-26,237,Cash
532,265,2024-09-27,4635,UPI
533,265,2024-10-02,10749,UPI
534,265,2024-09-24,3711,Card
535,266,2024-09-29,4579,Card
536,266,2024-09-28,973,Cash
537,267,2024-10-04,34497,Card
538,268,2024-09-25,11857,UPI
539,268,2024-09-27,5061,Cash
540,268,2024-09-30,10830,UPI
541,269,2024-09-28,12583,Cash
542,270,2024-10-05,829,Card
543,270,2024-10-05,4228,Cash
544,271,2024-09-30,20252,Card
545,271,2024-10-04,1438,Cash
546,272,2024-10-08,10633,Cash
547,273,2024-10-06,28683,UPI
548,274,2024-10-08,15567,Card
549,274,2024-10-08,9337,Cash
550,274,2024-10-09,19422,Cash
551,275,2024-10-07,6358,Card
552,275,2024-10-11,13923,UPI
553,276,2024-10-09,25498,Card
554,276,2024-10-11,4758,UPI
555,277,2024-10-13,10620,Cash
556,278,2024-10-15,8192,UPI
557,279,2024-10-14,3362,Cash
558,279,2024-10-07,9341,Cash
559,279,2024-10-10,11624,UPI
560,280,2024-10-13,33643,Cash
561,281,2024-10-13,14494,Cash
562,281,2024-10-14,57,Cash
563,282,2024-10-12,12254,UPI
564,282,2024-10-14,1338,Cash
565,282,2024-10-09,12390,UPI
566,283,2024-10-15,2663,Cash
567,283,2024-10-10,141,UPI
568,283,2024-10-17,442,Card
569,284,2024-10-18,3843,Card
570,284,2024-10-12,6,Cash
571,284,2024-10-15,698,Cash
572,285,2024-10-18,8648,Cash
573,285,2024-10-15,591,UPI
574,285,2024-10-13,559,Cash
575,286,2024-10-22,10469,UPI
576,286,2024-10-14,5157,Cash
577,287,2024-10-22,19554,Cash
578,287,2024-10-24,7862,Card
579,288,2024-10-17,18843,UPI
580,289,2024-10-25,28130,UPI
581,290,2024-10-19,3413,Card
582,290,2024-10-25,702,UPI
583,290,2024-10-18,3767,Card
584,291,2024-10-24,1333,UPI
585,291,2024-10-28,1427,UPI
586,291,2024-10-23,30488,UPI
587,292,2024-10-24,24488,Cash
588,293,2024-10-30,22596,Card
589,294,2024-10-26,6023,Cash
590,294,2024-10-26,46,Card
591,294,2024-10-26,724,Card
592,295,2024-10-29,7613,Card
593,295,2024-10-24,747,Cash
594,295,2024-10-29,3114,Cash
595,296,2024-10-23,19231,Cash
596,297,2024-11-01,636,UPI
597,297,2024-11-01,737,UPI
598,298,2024-11-04,8300,Cash
599,299,2024-11-05,784,UPI
600,299,2024-10-30,8591,Cash
601,300,2024-11-03,13108,UPI
602,300,2024-11-01,11010,Cash
603,301,2024-11-02,16303,Card
604,301,2024-10-29,4370,Card
605,301,2024-11-03,11846,Cash
606,302,2024-10-31,13474,Card
607,302,2024-11-03,301,Cash
608,302,2024-10-30,335,UPI
609,303,2024-11-08,14612,Card
610,303,2024-11-05,4763,Cash
611,304,2024-11-07,11520,Cash
612,304,2024-11-05,11082,Card
613,305,2024-11-01,10478,Cash
614,305,2024-11-11,3774,Card
615,306,2024-11-12,16813,Cash
616,306,2024-11-02,9808,Cash
617,307,2024-11-03,28717,Cash
618,307,2024-11-06,1102,Card
619,307,2024-11-08,9998,UPI
620,308,2024-11-13,1062,Cash
621,308,2024-11-11,22252,UPI
622,308,2024-11-09,1776,UPI
623,309,2024-11-13,1128,UPI
624,309,2024-11-10,1631,Card
625,309,2024-11-09,2279,Cash
626,310,2024-11-08,7434,UPI
627,311,2024-11-11,7718,UPI
628,311,2024-11-14,26212,Cash
629,312,2024-11-11,16096,Cash
630,312,2024-11-10,3953,Cash
631,313,2024-11-16,29625,Cash
632,314,2024-11-15,43768,Card
633,314,2024-11-11,922,Card
634,315,2024-11-13,19658,Card
635,315,2024-11-21,15873,Cash
636,316,2024-11-13,7348,Cash
637,316,2024-11-14,12978,Cash
638,316,2024-11-19,3364,Cash
639,317,2024-11-18,18753,UPI
640,317,2024-11-15,4520,Card
641,317,2024-11-14,378,Cash
642,318,2024-11-22,15685,UPI
643,318,2024-11-20,4584,Card
644,319,2024-11-20,4833,Card
645,320,2024-11-26,3817,Card
646,320,2024-11-21,1043,Cash
647,321,2024-11-26,20965,Cash
648,321,2024-11-23,1058,Card
649,321,2024-11-17,5143,Cash
650,322,2024-11-22,33954,Cash
651,323,2024-11-24,1848,Card
652,323,2024-11-23,3459,Cash
653,324,2024-11-30,8211,Card
654,325,2024-12-01,17986,UPI
655,326,2024-11-30,6123,Card
656,326,2024-12-01,11052,Card
657,326,2024-11-24,23092,Cash
658,327,2024-11-28,39659,Card
659,327,2024-11-23,169,Cash
660,327,2024-11-23,3342,Card
661,328,2024-12-03,6908,UPI
662,328,2024-12-03,11991,Card
663,329,2024-12-05,1821,Card
664,329,2024-11-29,163,Card
665,330,2024-12-06,8025,UPI
666,330,2024-11-30,11773,UPI
667,331,2024-11-29,491,UPI
668,331,2024-12-04,3405,UPI
669,331,2024-11-30,886,UPI
670,332,2024-12-03,19879,Card
671,333,2024-12-05,5659,Cash
672,333,2024-12-07,3036,Card
673,333,2024-11-30,1768,UPI
674,334,2024-12-04,1004,UPI
675,334,2024-12-03,6917,Cash
676,335,2024-12-05,3172,UPI
677,336,2024-12-04,8136,UPI
678,336,2024-12-11,12028,Card
679,337,2024-12-05,20494,UPI
680,338,2024-12-08,16344,UPI
681,338,2024-12-04,522,Cash
682,339,2024-12-08,14983,Cash
683,339,2024-12-10,9558,Cash
684,339,2024-12-05,1230,UPI
685,340,2024-12-16,28913,Card
686,340,2024-12-10,1928,Card
687,340,2024-12-06,1592,Cash
688,341,2024-12-11,28241,Card
689,342,2024-12-08,11992,UPI
690,342,2024-12-08,11979,Card
691,343,2024-12-14,18409,Card
692,344,2024-12-16,9456,Card
693,345,2024-12-20,9166,Card
694,345,2024-12-12,20023,Cash
695,345,2024-12-12,325,UPI
696,346,2024-12-17,18280,Cash
697,346,2024-12-15,6177,Card
698,347,2024-12-13,16387,Cash
699,347,2024-12-13,295,Cash
700,348,2024-12-22,15524,UPI
701,348,2024-12-16,7858,Card
702,349,2024-12-20,4581,Card
703,349,2024-12-17,10438,UPI
704,349,2024-12-24,14247,Card
705,350,2024-12-24,11023,Card
706,350,2024-12-25,8026,UPI
707,350,2024-12-23,561,Cash
708,351,2024-12-18,22080,UPI
709,351,2024-12-26,2060,UPI
710,352,2024-12-22,972,Card
711,352,2024-12-27,593,Cash
712,352,2024-12-18,181,Card
713,353,2024-12-27,31486,Card
714,354,2024-12-30,9685,Cash
715,354,2024-12-20,30930,Card
716,355,2024-12-24,22954,Cash
717,356,2024-12-24,6862,UPI
718,356,2024-12-25,7589,UPI
719,357,2024-12-23,15454,Card
720,357,2024-12-31,142,Cash
721,357,2024-12-31,847,UPI
722,358,2024-12-30,17219,UPI
723,358,2024-12-26,4480,UPI
724,359,2025-01-04,23219,Card
725,359,2025-01-04,11720,Card
726,360,2025-01-02,19991,Cash
727,360,2024-12-29,2727,UPI
728,361,2024-12-31,14737,UPI
729,361,2024-12-30,21837,Card
730,362,2025-01-02,15723,Card
731,362,2025-01-01,16324,UPI
732,363,2025-01-06,5543,UPI
733,363,2025-01-03,1617,Cash
734,363,2025-01-02,827,Cash
735,364,2025-01-04,2590,UPI
736,364,2025-01-03,10748,Card
737,364,2025-01-06,5512,Cash
738,365,2024-01-09,2222,Card
739,365,2024-01-03,2226,Cash
740,365,2024-01-10,2173,Card
741,366,2024-01-05,38458,Cash
742,367,2024-01-13,7395,Cash
743,367,2024-01-04,861,UPI
744,367,2024-01-08,13693,Card
745,368,2024-01-14,30959,Cash
746,369,2024-01-11,81,Card
747,369,2024-01-12,244,Card
748,369,2024-01-08,14,UPI
749,370,2024-01-07,1939,Card
750,370,2024-01-15,19109,Cash
751,371,2024-01-09,2445,UPI
752,371,2024-01-09,28910,Cash
753,371,2024-01-13,3716,UPI
754,372,2024-01-08,4743,Cash
755,372,2024-01-17,2445,Card
756,372,2024-01-09,5022,UPI
757,373,2024-01-17,8902,UPI
758,373,2024-01-11,422,Card
759,374,2024-01-11,3160,UPI
760,374,2024-01-12,12176,Card
761,375,2024-01-13,4216,Cash
762,375,2024-01-15,5524,Card
763,375,2024-01-21,5297,Cash
764,376,2024-01-18,10465,UPI
765,376,2024-01-13,672,UPI
766,376,2024-01-22,364,Cash
767,377,2024-01-20,12109,UPI
768,378,2024-01-18,8128,UPI
769,379,2024-01-19,6175,UPI
770,379,2024-01-19,1542,Card
771,380,2024-01-20,37544,Card
772,381,2024-01-17,7744,Card
773,381,2024-01-24,1937,UPI
774,381,2024-01-19,13882,UPI
775,382,2024-01-19,10191,Card
776,382,2024-01-23,4834,Card
777,382,2024-01-21,7456,Cash
778,383,2024-01-26,1255,Card
779,383,2024-01-28,3121,UPI
780,384,2024-01-27,17998,Card
781,384,2024-01-23,3579,Card
782,384,2024-01-29,5675,Cash
783,385,2024-01-22,11855,Card
784,385,2024-01-22,5364,Cash
785,386,2024-01-31,13249,Card
786,386,2024-01-24,4911,UPI
787,386,2024-01-30,17730,UPI
788,387,2024-02-01,842,UPI
789,387,2024-01-31,373,UPI
790,387,2024-01-23,2593,UPI
791,388,2024-01-31,6807,Card
792,388,2024-02-01,119,UPI
793,388,2024-02-03,1721,UPI
794,389,2024-01-31,23700,UPI
795,390,2024-01-29,26753,Card
796,391,2024-02-02,2393,UPI
797,392,2024-01-29,494,UPI
798,392,2024-02-01,130,UPI
799,392,2024-01-30,3554,Cash
800,393,2024-02-05,12534,UPI
801,393,2024-02-04,15014,Cash
802,394,2024-02-01,17672,Card
803,394,2024-01-31,2849,Cash
804,394,2024-02-07,1850,UPI
805,395,2024-02-03,17329,Cash
806,396,2024-02-05,24778,UPI
807,397,2024-02-08,17841,Card
808,397,2024-02-05,3108,Cash
809,397,2024-02-09,1120,UPI
810,398,2024-02-04,3089,Cash
811,398,2024-02-13,7077,UPI
812,399,2024-02-07,40299,Cash
813,400,2024-02-14,4409,Cash
814,401,2024-02-06,22021,Cash
815,401,2024-02-06,6067,UPI
816,401,2024-02-13,1169,Cash
817,402,2024-02-07,35373,Cash
818,403,2024-02-17,15347,UPI
819,403,2024-02-17,17676,Card
820,404,2024-02-12,10508,UPI
821,404,2024-02-11,14357,Card
822,404,2024-02-17,449,Cash
823,405,2024-02-10,9017,Card
824,405,2024-02-19,18086,Card
825,406,2024-02-17,5561,Card
826,406,2024-02-11,127,UPI
827,406,2024-02-21,50,Card
828,407,2024-02-18,5223,UPI
829,407,2024-02-16,1223,UPI
830,407,2024-02-14,6043,Card
831,408,2024-02-16,15516,UPI
832,409,2024-02-21,23185,Cash
833,410,2024-02-23,27297,Card
834,410,2024-02-17,9559,UPI
835,411,2024-02-21,1666,Card
836,411,2024-02-17,6291,UPI
837,412,2024-02-25,24318,Card
838,413,2024-02-22,12483,UPI
839,414,2024-02-19,39514,Cash
840,414,2024-02-28,1542,Card
841,414,2024-02-29,3093,Card
842,415,2024-02-25,1712,UPI
843,415,2024-02-20,5399,Cash
844,416,2024-02-28,962,Cash
845,416,2024-02-24,4952,UPI
846,416,2024-02-24,312,Card
847,417,2024-02-29,12474,Card
848,417,2024-03-03,8603,UPI
849,418,2024-03-02,11785,UPI
850,418,2024-03-01,8427,Cash
851,419,2024-02-29,15385,Cash
852,419,2024-02-29,6074,UPI
853,419,2024-02-24,4847,Card
854,420,2024-02-25,2391,UPI
855,420,2024-03-05,9066,Card
856,420,2024-03-02,3044,UPI
857,421,2024-03-02,9988,Cash
858,422,2024-03-05,4027,Card
859,422,2024-03-02,5531,UPI
860,422,2024-03-08,2888,Card
861,423,2024-03-04,2757,Cash
862,423,2024-03-01,13318,Card
863,424,2024-03-08,12062,Card
864,424,2024-02-29,23756,Card
865,425,2024-03-11,2216,Cash
866,426,2024-03-12,71,Cash
867,426,2024-03-03,347,Card
868,427,2024-03-06,9897,Card
869,428,2024-03-13,991,Card
870,428,2024-03-14,13951,Card
871,429,2024-03-05,15987,Cash
872,429,2024-03-13,8720,UPI
873,429,2024-03-05,6960,Cash
874,430,2024-03-14,18006,UPI
875,430,2024-03-14,562,Card
876,430,2024-03-16,16127,UPI
877,431,2024-03-08,11748,Card
878,432,2024-03-11,9758,Card
879,433,2024-03-13,11615,UPI
880,433,2024-03-10,5635,UPI
881,434,2024-03-13,9257,Card
882,434,2024-03-13,4047,UPI
883,435,2024-03-12,260,UPI
884,435,2024-03-17,3107,Card
885,435,2024-03-18,1916,Cash
886,436,2024-03-13,176,UPI
887,436,2024-03-18,433,Card
888,436,2024-03-17,10,Card
889,437,2024-03-16,175,Cash
890,437,2024-03-22,2836,UPI
891,437,2024-03-17,113,Cash
892,438,2024-03-22,1149,Card
893,438,2024-03-16,68,UPI
894,438,2024-03-14,1219,Cash
895,439,2024-03-21,19235,Cash
896,440,2024-03-25,19613,Cash
897,441,2024-03-22,35427,UPI
898,441,2024-03-19,1711,Card
899,442,2024-03-26,23729,Card
900,443,2024-03-20,22666,UPI
901,444,2024-03-25,7606,Card
902,445,2024-03-26,25999,Cash
903,445,2024-03-25,10390,UPI
904,445,2024-03-28,3841,Cash
905,446,2024-03-28,12302,Cash
906,446,2024-04-01,9599,UPI
907,446,2024-03-23,1417,Card
908,447,2024-03-24,19357,Cash
909,448,2024-03-30,8780,Card
910,449,2024-03-31,41543,UPI
911,450,2024-03-27,11819,Cash
912,451,2024-03-31,11794,Cash
913,451,2024-03-29,8408,Cash
914,452,2024-04-05,7354,Card
915,452,2024-04-05,4926,UPI
916,453,2024-03-30,6769,UPI
917,454,2024-04-08,36321,Card
918,455,2024-04-04,405,UPI
919,455,2024-04-06,20856,Cash
920,456,2024-04-10,15909,Card
921,456,2024-04-11,5557,UPI
922,456,2024-04-03,26037,Cash
923,457,2024-04-09,4398,Cash
924,457,2024-04-03,4413,Cash
925,458,2024-04-07,13799,UPI
926,458,2024-04-04,14687,UPI
927,459,2024-04-14,16495,UPI
928,460,2024-04-12,6408,Cash
929,460,2024-04-09,2220,Cash
930,460,2024-04-11,10829,UPI
931,461,2024-04-13,21597,UPI
932,461,2024-04-12,19047,Card
933,462,2024-04-11,38954,UPI
934,463,2024-04-15,13164,UPI
935,463,2024-04-14,5821,UPI
936,463,2024-04-12,20547,Card
937,464,2024-04-12,25624,UPI
938,464,2024-04-13,3081,UPI
939,464,2024-04-14,3473,Cash
940,465,2024-04-12,8940,Card
941,465,2024-04-17,221,Card
942,465,2024-04-13,3933,UPI
943,466,2024-04-17,2267,Card
944,466,2024-04-13,16362,Card
945,466,2024-04-15,463,Cash
946,467,2024-04-18,5051,UPI
947,467,2024-04-19,1212,Card
948,467,2024-04-19,10296,Card
949,468,2024-04-19,16601,Card
950,468,2024-04-18,603,Card
951,468,2024-04-21,9063,Card
952,469,2024-04-15,41823,Cash
953,470,2024-04-17,23266,Card
954,470,2024-04-24,1452,Card
955,470,2024-04-25,18378,Card
956,471,2024-04-22,13046,Cash
957,471,2024-04-16,48,Cash
958,472,2024-04-25,16956,Card
959,473,2024-04-25,7243,UPI
960,473,2024-04-25,6409,Card
961,473,2024-04-27,3347,Card
962,474,2024-04-24,32798,Cash
963,475,2024-04-24,15819,UPI
964,476,2024-04-23,5626,UPI
965,477,2024-04-25,14921,Card
966,477,2024-04-29,5519,UPI
967,478,2024-04-30,15602,Card
968,479,2024-04-28,2202,Cash
969,479,2024-04-25,27449,Cash
970,480,2024-04-26,21233,Card
971,480,2024-04-27,6592,Card
972,481,2024-05-04,1430,Cash
973,481,2024-05-04,2712,UPI
974,481,2024-05-03,3850,Cash
975,482,2024-04-29,3023,Card
976,482,2024-05-03,7081,Cash
977,482,2024-05-06,3168,Cash
978,483,2024-05-04,14076,Cash
979,483,2024-05-01,11547,Cash
980,483,2024-05-02,3840,Card
981,484,2024-05-07,834,Cash
982,484,2024-05-04,1499,Cash
983,484,2024-05-06,1767,Cash
984,485,2024-05-08,8020,Card
985,485,2024-05-09,321,UPI
986,485,2024-05-09,255,UPI
987,486,2024-05-06,38469,UPI
988,487,2024-05-12,5654,Card
989,487,2024-05-11,9747,Card
990,487,2024-05-03,14605,Card
991,488,2024-05-06,966,UPI
992,488,2024-05-04,3423,Cash
993,489,2024-05-12,2317,UPI
994,489,2024-05-13,6853,Cash
995,489,2024-05-13,3062,UPI
996,490,2024-05-12,13862,Card
997,491,2024-05-14,5677,Cash
998,491,2024-05-10,8023,Cash
999,491,2024-05-08,3908,UPI
1000,492,2024-05-12,1757,Cash
1001,492,2024-05-09,15880,Cash
1002,492,2024-05-13,11919,Card
1003,493,2024-05-14,32439,Card
1004,493,2024-05-14,504,Card
1005,493,2024-05-15,181,UPI
1006,494,2024-05-18,5480,Cash
1007,495,2024-05-14,26079,Cash
1008,496,2024-05-19,18012,UPI
1009,497,2024-05-19,9268,Card
1010,497,2024-05-20,1755,Cash
1011,498,2024-05-17,18766,Card
1012,499,2024-05-14,17762,Card
1013,499,2024-05-21,9215,Card
1014,500,2024-05-25,839,Cash
1015,500,2024-05-19,6322,Cash
1016,501,2024-05-17,5712,UPI
1017,501,2024-05-17,9024,Cash
1018,502,2024-05-22,9633,Card
1019,502,2024-05-19,3508,Card
1020,502,2024-05-19,613,Cash
1021,503,2024-05-18,26657,Card
1022,504,2024-05-28,4606,Card
1023,504,2024-05-24,1380,Card
1024,504,2024-05-23,5509,UPI
1025,505,2024-05-30,16857,Cash
1026,505,2024-05-22,1910,UPI
1027,506,2024-05-31,1776,Cash
1028,506,2024-05-23,166,Cash
1029,507,2024-05-25,5278,Card
1030,507,2024-05-29,3218,Cash
1031,507,2024-05-31,1088,Card
1032,508,2024-05-29,13574,UPI
1033,508,2024-06-02,310,Cash
1034,508,2024-05-29,3726,Card
1035,509,2024-05-31,12094,UPI
1036,509,2024-06-02,2682,Cash
1037,509,2024-05-25,3457,Card
1038,510,2024-05-30,21763,Cash
1039,510,2024-05-28,6517,UPI
1040,510,2024-05-28,1764,UPI
1041,511,2024-05-31,9293,Card
1042,511,2024-06-04,8305,Cash
1043,512,2024-06-06,22528,Cash
1044,512,2024-05-27,14574,Cash
1045,513,2024-05-29,534,Cash
1046,513,2024-06-04,19984,UPI
1047,514,2024-05-31,13,Card
1048,514,2024-06-02,31,Cash
1049,515,2024-06-09,17958,UPI
1050,516,2024-06-05,16409,Card
1051,517,2024-06-01,42527,UPI
1052,518,2024-06-08,7673,Card
1053,518,2024-06-03,12826,Card
1054,519,2024-06-06,6237,UPI
1055,520,2024-06-13,2553,Cash
1056,521,2024-06-05,29168,Cash
1057,521,2024-06-06,2815,UPI
1058,521,2024-06-07,2059,UPI
1059,522,2024-06-12,2320,Cash
1060,523,2024-06-12,6712,UPI
1061,524,2024-06-14,9805,Cash
1062,525,2024-06-10,9363,Card
1063,525,2024-06-09,18458,Card
1064,525,2024-06-19,14225,Cash
1065,526,2024-06-13,11837,Card
1066,526,2024-06-12,2584,UPI
1067,527,2024-06-14,28993,Cash
1068,527,2024-06-13,1647,Cash
1069,527,2024-06-20,9735,Card
1070,528,2024-06-17,14071,Cash
1071,528,2024-06-15,11096,UPI
1072,529,2024-06-21,5521,Card
1073,530,2024-06-14,18673,Card
1074,530,2024-06-17,9885,Card
1075,530,2024-06-23,10764,Card
1076,531,2024-06-19,6419,Card
1077,531,2024-06-18,448,UPI
1078,531,2024-06-21,5496,Cash
1079,532,2024-06-25,5228,Cash
1080,532,2024-06-24,2671,Cash
1081,533,2024-06-23,4325,Card
1082,533,2024-06-23,19339,UPI
1083,534,2024-06-25,5662,Cash
1084,534,2024-06-27,274,Cash
1085,534,2024-06-18,11967,UPI
1086,535,2024-06-19,7069,UPI
1087,536,2024-06-26,32837,UPI
1088,536,2024-06-26,364,Cash
1089,537,2024-06-30,17618,Cash
1090,537,2024-06-22,1137,UPI
1091,537,2024-06-22,2234,Card
1092,538,2024-06-30,13316,UPI
1093,539,2024-07-03,10393,Card
1094,539,2024-06-27,271,Card
1095,539,2024-06-29,2139,Card
1096,540,2024-06-27,15639,Cash
1097,541,2024-07-02,28474,Card
1098,542,2024-06-30,39900,Card
1099,543,2024-06-28,11512,Cash
1100,543,2024-06-29,23197,Card
1101,543,2024-06-27,8417,Cash
1102,544,2024-07-06,8569,Card
1103,544,2024-07-02,7697,Cash
1104,545,2024-07-03,24370,Card
1105,546,2024-07-05,7736,UPI
1106,547,2024-07-05,2093,Card
1107,547,2024-07-11,9448,Cash
1108,547,2024-07-08,6283,UPI
1109,548,2024-07-09,3634,Card
1110,548,2024-07-04,29840,UPI
1111,549,2024-07-12,1686,Card
1112,549,2024-07-04,8623,Cash
1113,550,2024-07-04,33346,Cash
1114,551,2024-07-12,16026,UPI
1115,552,2024-07-08,25098,Cash
1116,553,2024-07-10,13742,UPI
1117,553,2024-07-13,2034,Card
1118,553,2024-07-12,2340,UPI
1119,554,2024-07-09,3055,Card
1120,554,2024-07-10,216,Cash
1121,554,2024-07-16,1833,Cash
1122,555,2024-07-16,26275,UPI
1123,556,2024-07-11,10725,Card
1124,556,2024-07-17,14621,Cash
1125,557,2024-07-15,24177,Card
1126,558,2024-07-19,7949,UPI
1127,558,2024-07-19,9695,Cash
1128,558,2024-07-20,2273,Cash
1129,559,2024-07-19,9867,Cash
1130,560,2024-07-24,5676,Card
1131,560,2024-07-19,158,Cash
1132,560,2024-07-24,9435,UPI
1133,561,2024-07-18,20153,Card
1134,562,2024-07-16,8062,Cash
1135,562,2024-07-20,7546,Cash
1136,563,2024-07-25,2877,UPI
1137,564,2024-07-27,2783,Cash
1138,564,2024-07-26,21628,Cash
1139,565,2024-07-28,2453,Card
1140,565,2024-07-19,18427,UPI
1141,566,2024-07-23,21706,UPI
1142,567,2024-07-26,12877,UPI
1143,567,2024-07-28,4227,UPI
1144,568,2024-07-25,15309,Cash
1145,569,2024-07-25,38319,Cash
1146,570,2024-07-29,7636,UPI
1147,570,2024-07-25,3136,Card
1148,571,2024-08-01,23480,UPI
1149,572,2024-07-27,27935,Cash
1150,572,2024-07-28,2430,Card
1151,573,2024-07-27,9885,Cash
1152,573,2024-07-29,42,Cash
1153,573,2024-07-30,41,UPI
1154,574,2024-08-07,803,UPI
1155,574,2024-07-30,4263,Cash
1156,574,2024-08-03,7918,UPI
1157,575,2024-08-01,18027,Cash
1158,575,2024-07-30,119,Cash
1159,575,2024-07-30,71,Cash
1160,576,2024-08-01,2020,Cash
1161,577,2024-08-10,22489,Card
1162,577,2024-08-01,3763,Card
1163,578,2024-08-01,4915,Cash
1164,578,2024-08-04,33496,Card
1165,579,2024-08-03,14530,UPI
1166,580,2024-08-10,8029,Cash
1167,581,2024-08-10,3549,UPI
1168,581,2024-08-10,61,Card
1169,581,2024-08-10,1894,Cash
1170,582,2024-08-07,23196,UPI
1171,583,2024-08-06,4871,Card
1172,583,2024-08-15,13469,Card
1173,584,2024-08-14,4836,UPI
1174,584,2024-08-14,9023,Cash
1175,584,2024-08-08,2248,UPI
1176,585,2024-08-14,25101,Cash
1177,586,2024-08-19,16329,Card
1178,586,2024-08-15,640,Card
1179,586,2024-08-14,25147,UPI
1180,587,2024-08-19,11274,Card
1181,587,2024-08-15,6568,UPI
1182,588,2024-08-11,17723,UPI
1183,589,2024-08-12,19566,UPI
1184,590,2024-08-18,2169,Card
1185,590,2024-08-16,1670,Cash
1186,591,2024-08-24,3281,Cash
1187,592,2024-08-18,917,Card
1188,592,2024-08-21,6935,UPI
1189,592,2024-08-17,881,Cash
1190,593,2024-08-21,2606,Card
1191,593,2024-08-21,232,Card
1192,593,2024-08-25,4913,Cash
1193,594,2024-08-24,36903,Card
1194,595,2024-08-25,10127,Cash
1195,596,2024-08-22,5915,Card
1196,597,2024-08-28,7169,UPI
1197,598,2024-08-24,40,Cash
1198,598,2024-08-26,4,Card
1199,599,2024-08-22,488,Cash
1200,599,2024-08-31,5327,Card
1201,600,2024-08-31,9283,UPI
1202,601,2024-09-02,3241,Cash
1203,601,2024-08-29,1512,UPI
1204,602,2024-08-27,10571,Card
1205,603,2024-09-05,15965,UPI
1206,603,2024-09-03,2855,Card
1207,603,2024-09-04,9810,UPI
1208,604,2024-08-29,9650,UPI
1209,604,2024-08-31,2514,Cash
1210,604,2024-08-29,2466,Card
1211,605,2024-09-03,37,Card
1212,605,2024-08-30,2,Card
1213,605,2024-09-02,19,Card
1214,606,2024-08-30,9266,UPI
1215,606,2024-09-03,1153,Card
1216,606,2024-08-30,4057,Cash
1217,607,2024-09-09,5502,Cash
1218,607,2024-09-09,17226,Card
1219,608,2024-08-31,29271,UPI
1220,608,2024-09-03,18523,Cash
1221,609,2024-09-02,2103,Card
1222,609,2024-09-01,2339,Cash
1223,610,2024-09-08,24006,Cash
1224,610,2024-09-08,1286,UPI
1225,611,2024-09-09,17893,Cash
1226,611,2024-09-10,6926,Card
1227,612,2024-09-11,14783,Cash
1228,613,2024-09-10,83,UPI
1229,613,2024-09-06,2106,Cash
1230,614,2024-09-12,11200,Cash
1231,615,2024-09-15,23985,Cash
1232,616,2024-09-15,20108,Card
1233,616,2024-09-14,64,Card
1234,616,2024-09-10,1975,Card
1235,617,2024-09-09,14227,Cash
1236,618,2024-09-13,10849,UPI
1237,619,2024-09-15,35398,Card
1238,619,2024-09-15,289,Cash
1239,619,2024-09-12,627,Cash
1240,620,2024-09-19,18012,Cash
1241,620,2024-09-17,447,Cash
1242,620,2024-09-18,7290,Cash
1243,621,2024-09-16,15740,Cash
1244,621,2024-09-16,106,Cash
1245,621,2024-09-23,3457,UPI
1246,622,2024-09-18,474,UPI
1247,622,2024-09-21,2210,UPI
1248,623,2024-09-25,17367,Card
1249,624,2024-09-21,25396,UPI
1250,625,2024-09-24,24209,Cash
1251,626,2024-09-22,7620,Cash
1252,626,2024-09-22,1007,Card
1253,627,2024-09-29,4039,Cash
1254,628,2024-09-28,1409,UPI
1255,628,2024-09-23,1208,Card
1256,628,2024-09-20,191,UPI
1257,629,2024-09-29,13718,Card
1258,629,2024-09-30,7780,Cash
1259,629,2024-09-28,5319,UPI
1260,630,2024-09-30,285,Card
1261,630,2024-09-30,4889,Card
1262,631,2024-09-24,9664,UPI
1263,631,2024-09-25,11330,Cash
1264,631,2024-09-26,23408,Cash
1265,632,2024-10-04,321,UPI
1266,632,2024-09-27,2475,Card
1267,633,2024-09-30,4226,Card
1268,633,2024-09-26,549,UPI
1269,633,2024-10-03,4916,UPI
1270,634,2024-10-04,9051,UPI
1271,634,2024-09-26,9038,Card
1272,635,2024-10-03,7375,Cash
1273,635,2024-09-29,26871,Card
1274,636,2024-09-29,6567,Card
1275,636,2024-09-29,25545,UPI
1276,636,2024-10-06,6418,UPI
1277,637,2024-10-09,6276,UPI
1278,637,2024-10-08,7188,Card
1279,638,2024-10-02,31001,UPI
1280,639,2024-10-10,26409,Card
1281,640,2024-10-02,26328,UPI
1282,640,2024-10-05,10863,Cash
1283,640,2024-10-09,7426,UPI
1284,641,2024-10-08,12204,UPI
1285,642,2024-10-14,16110,Cash
1286,642,2024-10-07,4268,Cash
1287,643,2024-10-10,14520,UPI
1288,643,2024-10-14,3415,Card
1289,643,2024-10-06,1757,Cash
1290,644,2024-10-12,28948,Card
1291,645,2024-10-12,28417,Cash
1292,645,2024-10-09,2111,Cash
1293,645,2024-10-11,1221,Card
1294,646,2024-10-16,8890,Card
1295,646,2024-10-08,24323,Cash
1296,647,2024-10-09,12632,Cash
1297,648,2024-10-15,208,Card
1298,648,2024-10-13,1959,UPI
1299,649,2024-10-17,16552,Card
1300,649,2024-10-12,7588,Card
1301,650,2024-10-17,2002,UPI
1302,651,2024-10-20,11639,Card
1303,651,2024-10-21,27292,UPI
1304,652,2024-10-18,22560,Card
1305,653,2024-10-19,45144,Cash
1306,654,2024-10-18,12666,Card
1307,655,2024-10-27,14045,Cash
1308,656,2024-10-22,44413,Card
1309,657,2024-10-29,658,Cash
1310,657,2024-10-21,15536,Card
1311,657,2024-10-21,10643,Card
1312,658,2024-10-24,554,Card
1313,659,2024-10-27,4512,UPI
1314,659,2024-10-28,2857,UPI
1315,659,2024-10-24,2640,UPI
1316,660,2024-10-31,17061,UPI
1317,660,2024-10-23,2395,Cash
1318,660,2024-10-30,345,Card
1319,661,2024-11-01,21213,Card
1320,661,2024-10-27,1158,Card
1321,661,2024-10-24,2154,UPI
1322,662,2024-11-03,2265,UPI
1323,662,2024-10-28,1918,UPI
1324,663,2024-10-29,42695,Cash
1325,663,2024-11-02,77,Cash
1326,663,2024-10-25,227,Card
1327,664,2024-11-05,5237,Cash
1328,664,2024-10-26,5909,Card
1329,664,2024-11-02,2095,UPI
1330,665,2024-11-02,6629,Card
1331,665,2024-10-27,1871,Card
1332,666,2024-11-02,6224,Card
1333,666,2024-11-07,7287,Card
1334,666,2024-11-07,9691,UPI
1335,667,2024-11-02,16624,Cash
1336,667,2024-11-08,5391,Card
1337,668,2024-11-06,1600,Cash
1338,668,2024-11-03,10270,Card
1339,669,2024-11-02,25000,Card
1340,669,2024-11-10,688,Cash
1341,669,2024-11-03,799,UPI
1342,670,2024-11-05,7139,UPI
1343,670,2024-11-06,85,UPI
1344,670,2024-11-10,94,UPI
1345,671,2024-11-09,30393,Cash
1346,672,2024-11-11,1594,Cash
1347,672,2024-11-13,3073,UPI
1348,673,2024-11-04,27074,Cash
1349,673,2024-11-06,7649,Cash
1350,674,2024-11-12,18659,Cash
1351,674,2024-11-10,3798,Card
1352,675,2024-11-13,11819,UPI
1353,676,2024-11-12,41355,Card
1354,677,2024-11-15,3801,UPI
1355,678,2024-11-18,13722,Cash
1356,679,2024-11-12,32084,Card
1357,680,2024-11-17,7036,UPI
1358,680,2024-11-17,3911,Cash
1359,680,2024-11-11,3264,Card
1360,681,2024-11-12,6113,UPI
1361,681,2024-11-20,6201,Cash
1362,681,2024-11-12,754,Card
1363,682,2024-11-16,128,Card
1364,682,2024-11-17,89,Cash
1365,682,2024-11-14,53,UPI
1366,683,2024-11-16,20062,Cash
1367,683,2024-11-18,750,UPI
1368,683,2024-11-21,12174,Card
1369,684,2024-11-21,11071,Card
1370,684,2024-11-20,1097,UPI
1371,684,2024-11-20,4880,Cash
1372,685,2024-11-19,314,Cash
1373,685,2024-11-18,10491,Cash
1374,686,2024-11-19,1034,Cash
1375,686,2024-11-27,188,Cash
1376,686,2024-11-23,214,Card
1377,687,2024-11-27,1593,Cash
1378,687,2024-11-19,10846,Card
1379,687,2024-11-18,4324,Cash
1380,688,2024-11-25,3640,Cash
1381,688,2024-11-27,3948,UPI
1382,689,2024-11-23,5018,Card
1383,689,2024-11-30,22471,Cash
1384,689,2024-11-24,3601,UPI
1385,690,2024-12-01,21681,Card
1386,691,2024-11-28,2248,Cash
1387,691,2024-12-01,4191,Cash
1388,691,2024-11-26,2407,Cash
1389,692,2024-12-02,1628,Cash
1390,692,2024-11-27,5336,Card
1391,693,2024-11-30,11526,UPI
1392,693,2024-11-26,1690,Cash
1393,694,2024-12-02,6806,UPI
1394,694,2024-11-28,11155,Cash
1395,695,2024-11-27,46,Card
1396,695,2024-12-03,343,Cash
1397,695,2024-11-27,28,Card
1398,696,2024-12-01,830,Card
1399,696,2024-12-04,947,UPI
1400,696,2024-12-01,3141,UPI
1401,697,2024-11-30,3282,Cash
1402,698,2024-12-05,10247,Card
1403,698,2024-11-30,8795,Cash
1404,699,2024-11-30,24844,Cash
1405,700,2024-12-06,11175,UPI
1406,700,2024-12-08,29312,Card
1407,700,2024-12-05,2986,Card
1408,701,2024-12-04,1404,Cash
1409,701,2024-12-08,1641,UPI
1410,702,2024-12-09,13693,Card
1411,702,2024-12-10,1266,UPI
1412,703,2024-12-06,10930,Card
1413,704,2024-12-06,3843,UPI
1414,705,2024-12-15,15817,Card
1415,705,2024-12-08,7179,Card
1416,705,2024-12-12,6863,UPI
1417,706,2024-12-09,1803,UPI
1418,706,2024-12-08,63,UPI
1419,706,2024-12-14,22,Cash
1420,707,2024-12-08,2575,Card
1421,707,2024-12-18,1575,Card
1422,708,2024-12-12,37029,Card
1423,708,2024-12-17,347,Card
1424,708,2024-12-18,415,Cash
1425,709,2024-12-13,11906,UPI
1426,709,2024-12-20,1417,Card
1427,709,2024-12-20,860,UPI
1428,710,2024-12-11,448,Card
1429,710,2024-12-19,1286,UPI
1430,710,2024-12-18,3137,Cash
1431,711,2024-12-15,2627,UPI
1432,711,2024-12-16,2279,Cash
1433,712,2024-12-21,33222,Card
1434,713,2024-12-15,7701,UPI
1435,713,2024-12-21,17113,Card
1436,714,2024-12-22,29366,UPI
1437,715,2024-12-23,20713,Card
1438,716,2024-12-18,42819,UPI
1439,717,2024-12-26,27023,Card
1440,718,2024-12-28,5,Card
1441,719,2024-12-23,18427,Card
1442,719,2024-12-27,1376,UPI
1443,719,2024-12-25,159,Cash
1444,720,2024-12-28,26757,UPI
1445,721,2025-01-01,31008,UPI
1446,721,2024-12-23,3708,Cash
1447,721,2025-01-01,1994,Cash
1448,722,2025-01-02,91,UPI
1449,722,2024-12-31,52,Card
1450,723,2024-12-24,3484,Cash
1451,723,2024-12-26,16136,Card
1452,723,2024-12-30,4883,Cash
1453,724,2024-12-28,6420,Cash
1454,724,2024-12-28,6438,UPI
1455,724,2024-12-28,3807,Card
1456,725,2025-01-01,11073,Cash
1457,726,2025-01-03,38588,UPI
1458,727,2025-01-04,8824,Cash
1459,727,2024-12-28,17379,Card
1460,727,2025-01-03,12418,Card
1461,728,2024-12-31,25595,Card
1462,728,2024-12-31,4740,Card
1463,728,2024-12-31,1314,Cash
1464,729,2025-01-08,19679,UPI
1465,729,2025-01-05,4130,UPI
1466,729,2025-01-08,1580,Card
1467,730,2024-01-06,6519,UPI
1468,730,2024-01-08,9749,Cash
1469,731,2024-01-06,4197,Card
1470,731,2024-01-10,330,UPI
1471,732,2024-01-13,18140,Cash
1472,732,2024-01-06,1646,Card
1473,732,2024-01-07,3540,Card
1474,733,2024-01-14,4348,Cash
1475,733,2024-01-12,16512,Card
1476,733,2024-01-14,1769,UPI
1477,734,2024-01-10,23276,Card
1478,735,2024-01-16,18699,Card
1479,735,2024-01-16,6840,Card
1480,735,2024-01-14,5942,UPI
1481,736,2024-01-15,13840,Cash
1482,737,2024-01-08,149,Card
1483,737,2024-01-08,679,Cash
1484,738,2024-01-13,17496,Card
1485,739,2024-01-10,16420,Card
1486,740,2024-01-19,19342,Cash
1487,741,2024-01-21,3359,Card
1488,741,2024-01-20,20147,Cash
1489,742,2024-01-19,18392,Cash
1490,742,2024-01-17,4186,Card
1491,742,2024-01-23,1749,Cash
1492,743,2024-01-24,6826,UPI
1493,743,2024-01-22,5677,Cash
1494,744,2024-01-18,129,Card
1495,744,2024-01-18,227,Card
1496,744,2024-01-25,68,UPI
1497,745,2024-01-19,12876,UPI
1498,745,2024-01-18,14707,Card
1499,745,2024-01-17,10977,Cash
1500,746,2024-01-18,8419,UPI
1501,746,2024-01-23,167,UPI
1502,746,2024-01-25,2803,UPI
1503,747,2024-01-27,8524,UPI
1504,748,2024-01-21,239,Cash
1505,748,2024-01-21,130,UPI
1506,749,2024-01-30,39117,Card
1507,750,2024-01-28,9869,Card
1508,750,2024-01-22,11734,Card
1509,750,2024-01-26,6025,Card
1510,751,2024-01-30,14415,Cash
1511,752,2024-01-29,5223,Card
1512,752,2024-01-29,17598,Cash
1513,752,2024-01-28,2943,Cash
1514,753,2024-01-29,5438,UPI
1515,753,2024-01-27,4810,Card
1516,753,2024-02-01,3734,UPI
1517,754,2024-01-26,577,Card
1518,754,2024-02-01,22676,Cash
1519,754,2024-02-04,13534,Card
1520,755,2024-01-26,20353,Card
1521,756,2024-02-02,3716,UPI
1522,756,2024-02-04,17316,Card
1523,757,2024-02-05,18535,UPI
1524,758,2024-02-05,29201,Cash
1525,758,2024-02-08,2429,Cash
1526,758,2024-02-03,2075,Card
1527,759,2024-02-01,5396,Card
1528,760,2024-02-10,17472,Cash
1529,761,2024-02-04,10314,Card
1530,761,2024-02-02,1738,Cash
1531,761,2024-02-09,1761,Card
1532,762,2024-02-03,21187,Card
1533,762,2024-02-12,3106,Cash
1534,763,2024-02-08,1469,Cash
1535,763,2024-02-04,87,Cash
1536,764,2024-02-08,3556,Card
1537,765,2024-02-09,933,UPI
1538,765,2024-02-12,795,Card
1539,765,2024-02-11,580,UPI
1540,766,2024-02-12,10367,Card
1541,767,2024-02-17,49,Card
1542,767,2024-02-08,5066,Card
1543,767,2024-02-16,2638,Cash
1544,768,2024-02-09,4120,UPI
1545,768,2024-02-18,637,UPI
1546,769,2024-02-15,3586,UPI
1547,769,2024-02-19,2083,Cash
1548,770,2024-02-18,31063,Cash
1549,771,2024-02-19,6407,UPI
1550,771,2024-02-15,591,Card
1551,771,2024-02-21,1939,UPI
1552,772,2024-02-14,569,Cash
1553,772,2024-02-12,11,Card
1554,772,2024-02-21,150,UPI
1555,773,2024-02-18,1721,Cash
1556,773,2024-02-19,3857,Card
1557,774,2024-02-16,33590,Cash
1558,775,2024-02-19,13677,Cash
1559,775,2024-02-17,118,Card
1560,775,2024-02-24,674,Cash
1561,776,2024-02-17,18012,UPI
1562,776,2024-02-17,11005,UPI
1563,776,2024-02-17,1212,Cash
1564,777,2024-02-22,15965,UPI
1565,777,2024-02-27,1051,Card
1566,777,2024-02-20,6760,Cash
1567,778,2024-02-21,2288,UPI
1568,778,2024-02-25,15921,UPI
1569,778,2024-02-27,477,Card
1570,779,2024-02-21,9572,Card
1571,779,2024-02-24,291,UPI
1572,779,2024-02-25,153,Cash
1573,780,2024-02-23,127,Card
1574,780,2024-03-01,189,UPI
1575,781,2024-03-02,4401,Card
1576,781,2024-02-26,13731,UPI
1577,782,2024-02-26,5878,UPI
1578,782,2024-03-01,9288,Cash
1579,783,2024-02-24,4970,UPI
1580,783,2024-03-02,144,Cash
1581,783,2024-02-27,645,Card
1582,784,2024-02-24,618,Card
1583,784,2024-03-04,256,Card
1584,784,2024-03-01,4137,Card
1585,785,2024-03-04,13943,UPI
1586,786,2024-03-07,15470,Cash
1587,786,2024-03-03,1499,Cash
1588,786,2024-03-06,839,Card
1589,787,2024-03-05,19070,Card
1590,788,2024-03-05,33450,UPI
1591,789,2024-03-10,32910,Cash
1592,790,2024-03-08,2300,Cash
1593,790,2024-03-10,2936,Card
1594,790,2024-03-11,5632,Cash
1595,791,2024-03-05,1325,UPI
1596,791,2024-03-05,30361,Cash
1597,792,2024-03-03,7669,Card
1598,792,2024-03-06,9655,Card
1599,793,2024-03-11,15391,Cash
1600,793,2024-03-04,8283,Card
1601,794,2024-03-13,21238,Card
1602,795,2024-03-10,24311,Card
1603,795,2024-03-14,2874,Card
1604,796,2024-03-13,10710,UPI
1605,796,2024-03-16,683,Card
1606,797,2024-03-14,2061,Cash
1607,797,2024-03-14,2116,UPI
1608,797,2024-03-13,924,UPI
1609,798,2024-03-17,217,Cash
1610,798,2024-03-11,14415,Cash
1611,798,2024-03-10,16963,Card
1612,799,2024-03-12,13862,Cash
1613,799,2024-03-12,28308,UPI
1614,800,2024-03-21,7755,Cash
1615,800,2024-03-16,13587,Card
1616,800,2024-03-12,18112,UPI
1617,801,2024-03-21,6905,Cash
1618,801,2024-03-22,24474,UPI
1619,802,2024-03-13,735,Cash
1620,803,2024-03-16,10560,Card
1621,803,2024-03-14,16799,Card
1622,803,2024-03-16,10225,Cash
1623,804,2024-03-23,2950,UPI
1624,804,2024-03-24,7951,Card
1625,805,2024-03-26,20893,UPI
1626,806,2024-03-24,2809,Card
1627,807,2024-03-21,2795,UPI
1628,807,2024-03-27,12652,Cash
1629,808,2024-03-28,38184,Card
1630,809,2024-03-30,5496,UPI
1631,809,2024-03-27,11242,Card
1632,810,2024-03-24,19352,UPI
1633,811,2024-03-23,12630,Cash
1634,812,2024-04-02,8264,UPI
1635,812,2024-04-01,1226,Cash
1636,812,2024-03-25,3771,UPI
1637,813,2024-04-01,2559,Card
1638,813,2024-03-25,7702,UPI
1639,813,2024-04-03,30027,Cash
1640,814,2024-04-04,40,Card
1641,814,2024-04-02,14140,UPI
1642,814,2024-03-30,5594,Cash
1643,815,2024-03-29,28113,UPI
1644,815,2024-03-31,12493,Card
1645,815,2024-04-04,5114,Cash
1646,816,2024-03-31,27884,UPI
1647,817,2024-03-29,25095,UPI
1648,818,2024-04-02,26782,Cash
1649,818,2024-03-29,90,Card
1650,818,2024-04-06,12337,Cash
1651,819,2024-04-05,17031,Card
1652,820,2024-04-05,13178,UPI
1653,820,2024-04-01,186,Cash
1654,820,2024-04-06,98,Card
1655,821,2024-04-09,17125,UPI
1656,821,2024-04-10,21237,UPI
1657,822,2024-04-05,13024,UPI
1658,822,2024-04-10,7026,Card
1659,823,2024-04-08,31619,Card
1660,824,2024-04-08,16632,Card
1661,824,2024-04-09,19734,Card
1662,825,2024-04-15,4525,Cash
1663,825,2024-04-12,7530,Card
1664,825,2024-04-07,14036,Cash
1665,826,2024-04-11,3282,Card
1666,826,2024-04-16,2516,Card
1667,826,2024-04-06,1229,Cash
1668,827,2024-04-08,174,Cash
1669,827,2024-04-16,15456,UPI
1670,827,2024-04-08,9870,Cash
1671,828,2024-04-13,17241,Cash
1672,829,2024-04-15,19956,UPI
1673,830,2024-04-14,17073,Card
1674,830,2024-04-10,2448,Cash
1675,830,2024-04-20,597,UPI
1676,831,2024-04-14,28768,Card
1677,832,2024-04-12,12763,Card
1678,832,2024-04-20,21194,Card
1679,833,2024-04-22,22886,Cash
1680,834,2024-04-24,980,Cash
1681,834,2024-04-16,1383,Cash
1682,835,2024-04-25,11572,UPI
1683,835,2024-04-21,6511,Card
1684,836,2024-04-17,252,Cash
1685,836,2024-04-20,9005,Card
1686,836,2024-04-24,3870,Card
1687,837,2024-04-20,9061,Card
1688,837,2024-04-20,13751,UPI
1689,838,2024-04-22,153,Cash
1690,838,2024-04-26,13341,Cash
1691,838,2024-04-26,12979,Cash
1692,839,2024-04-20,11141,Card
1693,839,2024-04-23,5346,Card
1694,840,2024-04-27,8197,UPI
1695,840,2024-04-23,15848,UPI
1696,840,2024-04-27,2600,Card
1697,841,2024-04-21,28247,UPI
1698,841,2024-04-25,239,Cash
1699,841,2024-04-27,1707,Card
1700,842,2024-04-25,5745,UPI
1701,842,2024-04-27,845,Card
1702,842,2024-04-30,631,Cash
1703,843,2024-04-27,17258,Cash
1704,844,2024-04-29,24537,Cash
1705,844,2024-04-26,1136,UPI
1706,844,2024-04-29,471,UPI
1707,845,2024-04-27,2205,Card
1708,845,2024-05-02,1558,Card
1709,845,2024-04-28,3398,Cash
1710,846,2024-04-29,3388,Cash
1711,846,2024-04-29,12475,Card
1712,847,2024-04-28,23332,Cash
1713,848,2024-05-07,2018,Cash
1714,848,2024-05-05,44,UPI
1715,848,2024-05-07,509,UPI
1716,849,2024-05-03,28468,UPI
1717,849,2024-05-07,750,UPI
1718,849,2024-05-05,3048,Cash
1719,850,2024-05-08,8404,UPI
1720,851,2024-05-09,534,UPI
1721,851,2024-05-11,6451,Cash
1722,851,2024-05-08,8688,Cash
1723,852,2024-05-02,20687,Cash
1724,852,2024-05-12,13274,Cash
1725,853,2024-05-08,3302,UPI
1726,853,2024-05-07,20080,Cash
1727,853,2024-05-11,1484,UPI
1728,854,2024-05-13,7723,UPI
1729,854,2024-05-09,7818,Cash
1730,855,2024-05-11,6899,Card
1731,855,2024-05-10,25788,UPI
1732,856,2024-05-13,9163,Cash
1733,856,2024-05-15,18831,Cash
1734,857,2024-05-08,7490,Card
1735,857,2024-05-10,4423,Card
1736,857,2024-05-13,6957,UPI
1737,858,2024-05-10,12849,UPI
1738,859,2024-05-15,638,UPI
1739,860,2024-05-18,8471,Card
1740,860,2024-05-17,162,UPI
1741,860,2024-05-14,179,Card
1742,861,2024-05-17,18606,Cash
1743,862,2024-05-12,22627,Cash
1744,863,2024-05-23,15616,Cash
1745,863,2024-05-20,11051,Card
1746,864,2024-05-19,5915,Card
1747,864,2024-05-22,5051,UPI
1748,865,2024-05-21,11276,Cash
1749,866,2024-05-19,19844,Card
1750,866,2024-05-26,2359,Card
1751,866,2024-05-24,806,Cash
1752,867,2024-05-27,10653,Card
1753,867,2024-05-24,7999,Card
1754,868,2024-05-24,29290,Card
1755,869,2024-05-21,4747,Card
1756,869,2024-05-24,14030,UPI
1757,870,2024-05-26,18732,Cash
1758,870,2024-05-22,163,UPI
1759,870,2024-05-23,1790,UPI
1760,871,2024-05-25,4774,Card
1761,871,2024-05-27,5281,UPI
1762,871,2024-05-28,328,UPI
1763,872,2024-05-24,27132,Cash
1764,872,2024-05-22,7008,Cash
1765,873,2024-06-02,47695,UPI
1766,874,2024-05-27,2624,Cash
1767,874,2024-05-25,13011,Cash
1768,874,2024-05-25,8740,UPI
1769,875,2024-05-31,3527,Card
1770,876,2024-05-30,5455,Card
1771,877,2024-06-06,10176,UPI
1772,878,2024-05-31,10137,Card
1773,879,2024-05-31,4143,Card
1774,879,2024-05-31,14480,Cash
1775,880,2024-06-04,731,UPI
1776,880,2024-06-07,240,UPI
1777,880,2024-06-07,180,UPI
1778,881,2024-06-02,8836,Card
1779,881,2024-06-10,15,Card
1780,881,2024-06-10,3,Card
1781,882,2024-06-11,10483,Card
1782,882,2024-06-06,1269,UPI
1783,882,2024-06-09,2501,Cash
1784,883,2024-06-09,26368,UPI
1785,884,2024-06-05,8514,UPI
1786,884,2024-06-03,15457,Cash
1787,885,2024-06-09,34296,UPI
1788,886,2024-06-12,137,UPI
1789,886,2024-06-05,4909,UPI
1790,886,2024-06-09,10328,Card
1791,887,2024-06-14,15152,UPI
1792,888,2024-06-13,9185,UPI
1793,888,2024-06-10,3173,Cash
1794,889,2024-06-11,24797,UPI
1795,889,2024-06-09,17538,UPI
1796,890,2024-06-17,20490,Card
1797,891,2024-06-14,22435,UPI
1798,891,2024-06-18,2657,UPI
1799,891,2024-06-16,1370,Cash
1800,892,2024-06-13,27966,Cash
1801,893,2024-06-22,18978,UPI
1802,894,2024-06-22,17835,UPI
1803,894,2024-06-16,22648,UPI
1804,895,2024-06-14,635,Card
1805,896,2024-06-16,725,UPI
1806,897,2024-06-23,17641,Card
1807,898,2024-06-18,268,Cash
1808,899,2024-06-23,112,UPI
1809,899,2024-06-22,370,UPI
1810,900,2024-06-19,22838,UPI
1811,900,2024-06-20,1501,Cash
1812,901,2024-06-26,3178,Cash
1813,901,2024-06-28,494,UPI
1814,902,2024-06-25,5950,UPI
1815,903,2024-06-23,27140,Card
1816,904,2024-06-30,12636,Cash
1817,904,2024-06-23,3679,Cash
1818,905,2024-06-25,25264,Card
1819,905,2024-07-01,1708,UPI
1820,905,2024-07-04,3229,UPI
1821,906,2024-07-05,10586,Card
1822,907,2024-07-04,2252,Cash
1823,907,2024-07-03,260,Card
1824,907,2024-06-30,252,Cash
1825,908,2024-07-07,23620,Cash
1826,909,2024-07-08,3700,UPI
1827,910,2024-07-01,21267,UPI
1828,911,2024-07-06,38318,Cash
1829,912,2024-07-10,585,Card
1830,913,2024-07-04,19537,UPI
1831,913,2024-07-05,1467,Cash
1832,913,2024-07-09,10143,Cash
1833,914,2024-07-13,11090,Cash
1834,914,2024-07-08,980,Card
1835,914,2024-07-05,10407,Card
1836,915,2024-07-11,7038,Cash
1837,916,2024-07-12,11381,Card
1838,916,2024-07-05,3162,Card
1839,916,2024-07-11,6214,UPI
1840,917,2024-07-13,647,Card
1841,917,2024-07-13,8182,Card
1842,918,2024-07-10,16060,Card
1843,918,2024-07-15,765,UPI
1844,918,2024-07-12,2489,Card
1845,919,2024-07-17,28432,Card
1846,919,2024-07-10,2264,Cash
1847,920,2024-07-16,34808,UPI
1848,921,2024-07-17,12030,Cash
1849,921,2024-07-18,5227,UPI
1850,921,2024-07-12,1,Cash
1851,922,2024-07-16,7825,Card
1852,922,2024-07-21,1038,Card
1853,922,2024-07-17,14997,Cash
1854,923,2024-07-20,16304,Cash
1855,923,2024-07-16,628,UPI
1856,923,2024-07-18,240,Card
1857,924,2024-07-14,21104,Card
1858,925,2024-07-14,43181,Cash
1859,926,2024-07-18,11707,Cash
1860,927,2024-07-17,31809,Cash
1861,928,2024-07-27,25468,UPI
1862,928,2024-07-26,8616,Card
1863,928,2024-07-26,3337,UPI
1864,929,2024-07-27,453,Card
1865,929,2024-07-19,1155,Cash
1866,930,2024-07-20,4026,UPI
1867,930,2024-07-19,2618,UPI
1868,930,2024-07-27,195,Card
1869,931,2024-07-20,26026,Card
1870,931,2024-07-24,1233,Card
1871,932,2024-07-25,289,Cash
1872,932,2024-07-29,885,Cash
1873,932,2024-07-22,1490,Card
1874,933,2024-07-25,6314,Cash
1875,933,2024-08-01,8622,Cash
1876,933,2024-07-31,203,Card
1877,934,2024-07-29,9145,Card
1878,934,2024-08-02,433,Card
1879,934,2024-07-28,2146,Card
1880,935,2024-07-30,10900,Cash
1881,935,2024-07-26,1367,Card
1882,935,2024-07-30,2764,Card
1883,936,2024-08-02,5184,Card
1884,936,2024-07-30,14517,UPI
1885,936,2024-08-02,2418,UPI
1886,937,2024-08-01,20751,Card
1887,937,2024-07-31,3610,Card
1888,938,2024-07-30,8940,UPI
1889,938,2024-08-04,6273,Card
1890,938,2024-07-31,562,UPI
1891,939,2024-07-28,6506,Card
1892,939,2024-07-28,8318,UPI
1893,940,2024-08-02,277,Cash
1894,940,2024-08-01,308,Cash
1895,940,2024-08-03,483,Cash
1896,941,2024-08-07,16754,Card
1897,941,2024-08-01,1171,Cash
1898,941,2024-07-30,160,UPI
1899,942,2024-08-02,23308,UPI
1900,943,2024-08-04,4094,UPI
1901,943,2024-08-05,6645,Cash
1902,943,2024-08-10,1289,UPI
1903,944,2024-08-03,18647,Card
1904,945,2024-08-10,2833,Card
1905,945,2024-08-12,7806,Cash
1906,946,2024-08-04,19687,Card
1907,946,2024-08-10,18884,Cash
1908,946,2024-08-04,438,UPI
1909,947,2024-08-06,13649,Cash
1910,947,2024-08-15,9152,Card
1911,948,2024-08-12,648,Cash
1912,948,2024-08-14,40,Cash
1913,948,2024-08-11,61,Card
1914,949,2024-08-12,37022,Card
1915,950,2024-08-08,14470,Card
1916,951,2024-08-18,14602,Card
1917,951,2024-08-17,9370,Cash
1918,952,2024-08-16,2374,Cash
1919,952,2024-08-12,4903,UPI
1920,953,2024-08-11,2341,Card
1921,953,2024-08-17,363,UPI
1922,954,2024-08-18,2056,Card
1923,954,2024-08-14,731,Cash
1924,955,2024-08-20,6492,UPI
1925,955,2024-08-22,21373,Cash
1926,955,2024-08-21,3652,Card
1927,956,2024-08-17,34357,Cash
1928,957,2024-08-25,5299,Card
1929,957,2024-08-16,3425,Cash
1930,958,2024-08-21,11970,Cash
1931,958,2024-08-21,15134,UPI
1932,959,2024-08-21,1587,Cash
1933,959,2024-08-26,22920,UPI
1934,959,2024-08-26,14413,Cash
1935,960,2024-08-21,14433,Cash
1936,961,2024-08-20,10224,Cash
1937,961,2024-08-19,34691,Cash
1938,962,2024-08-24,40698,Cash
1939,963,2024-08-25,3647,UPI
1940,963,2024-08-21,15440,UPI
1941,963,2024-08-24,3409,Card
1942,964,2024-08-25,17629,Card
1943,965,2024-09-01,31656,Card
1944,965,2024-08-25,2636,Card
1945,966,2024-08-30,1206,Card
1946,966,2024-09-01,43485,Cash
1947,966,2024-08-28,1102,Cash
1948,967,2024-09-03,412,UPI
1949,967,2024-08-25,1557,UPI
1950,968,2024-08-27,21455,UPI
1951,969,2024-08-28,11804,Cash
1952,969,2024-09-06,2397,UPI
1953,969,2024-08-30,3579,UPI
1954,970,2024-09-02,6528,UPI
1955,970,2024-09-05,19566,Cash
1956,970,2024-08-30,7233,Cash
1957,971,2024-08-29,705,Cash
1958,971,2024-09-06,15700,UPI
1959,972,2024-09-01,6446,Cash
1960,972,2024-09-04,4484,Card
1961,973,2024-09-04,20488,Cash
1962,973,2024-09-08,2574,UPI
1963,974,2024-09-11,26604,UPI
1964,975,2024-09-10,12686,UPI
1965,976,2024-09-08,7391,UPI
1966,977,2024-09-05,43052,Card
1967,978,2024-09-14,22217,Card
1968,978,2024-09-08,2812,UPI
1969,978,2024-09-08,19,Card
1970,979,2024-09-15,5119,UPI
1971,979,2024-09-13,4891,Card
1972,980,2024-09-17,4317,Cash
1973,981,2024-09-10,6630,UPI
1974,981,2024-09-16,11281,Cash
1975,981,2024-09-14,1128,Cash
1976,982,2024-09-14,10358,Cash
1977,982,2024-09-17,18263,Card
1978,982,2024-09-10,14385,Cash
1979,983,2024-09-10,20814,UPI
1980,984,2024-09-18,9941,Card
1981,984,2024-09-21,17193,Card
1982,985,2024-09-15,17943,Cash
1983,986,2024-09-13,4310,Card
1984,987,2024-09-23,19845,Card
1985,987,2024-09-17,371,Card
1986,988,2024-09-25,15216,Cash
1987,989,2024-09-23,11772,Cash
1988,990,2024-09-27,30721,UPI
1989,990,2024-09-23,754,UPI
1990,990,2024-09-24,1445,Cash
1991,991,2024-09-21,10733,Cash
1992,992,2024-09-23,13388,UPI
1993,993,2024-09-23,11000,Cash
1994,993,2024-09-22,271,UPI
1995,993,2024-09-29,3314,UPI
1996,994,2024-09-27,8087,UPI
1997,994,2024-09-21,13205,Card
1998,995,2024-09-27,23600,UPI
1999,995,2024-10-01,495,Card
2000,996,2024-10-01,35138,Card
2001,996,2024-10-01,158,Cash
2002,996,2024-09-30,2186,UPI
2003,997,2024-10-02,1389,Card
2004,998,2024-10-03,644,UPI
2005,998,2024-10-05,8457,Cash
2006,998,2024-09-28,3862,UPI
2007,999,2024-09-30,9980,UPI
2008,999,2024-09-28,18826,UPI
2009,1000,2024-10-05,894,Cash
2010,1000,2024-10-07,7596,UPI
2011,1000,2024-09-28,1157,Card
